MunicipioRenta;RentaMunicipio;RentaMedia
Macael-04062;30508;21399
Pulpí-04075;28582;21399
Almería-04013;25682;21399
Carboneras-04032;23911;21399
Roquetas de Mar-04079;23012;21399
Huércal de Almería-04052;22578;21399
Mojácar-04064;22400;21399
Vera-04100;21578;21399
Tíjola-04092;21060;21399
Olula del Río-04069;21025;21399
Huércal-Overa-04053;20455;21399
Benahadux-04024;20325;21399
Dalías-04038;20123;21399
Serón-04083;20059;21399
Garrucha-04049;19556;21399
Purchena-04076;19533;21399
Pechina-04074;19376;21399
Fines-04044;19327;21399
Albox-04006;19282;21399
Cantoria-04031;19179;21399
Viator-04101;19002;21399
Gádor-04047;18998;21399
Ejido, El-04902;18904;21399
Chirivel-04037;18670;21399
Alhama de Almería-04011;18408;21399
Cuevas del Almanzora-04035;18345;21399
Antas-04016;18212;21399
Vélez-Rubio-04099;18022;21399
Gallardos, Los-04048;17934;21399
Adra-04003;17825;21399
Berja-04029;17621;21399
Balanegra-04904;17317;21399
Rioja-04078;17234;21399
Sorbas-04086;17203;21399
Zurgena-04103;16900;21399
Turre-04093;16701;21399
Vícar-04102;16570;21399
Vélez-Blanco-04098;16382;21399
Tabernas-04088;16137;21399
Arboleas-04017;16098;21399
Oria-04070;15867;21399
Lubrín-04059;15727;21399
Abla-04001;15629;21399
Partaloa-04072;15613;21399
María-04063;15551;21399
Láujar de Andarax-04057;15460;21399
Fiñana-04045;15330;21399
Abrucena-04002;15097;21399
Gérgal-04050;15093;21399
Mojonera, La-04903;15071;21399
Canjáyar-04030;15070;21399
Níjar-04066;14981;21399
Agrupación municipios pequeños-04;15879;21399
San Roque-11033;29289;24497
Cádiz-11012;29055;24497
Algeciras-11004;28887;24497
Puerto de Santa María, El-11027;28018;24497
Barrios, Los-11008;27741;24497
San Fernando-11031;25914;24497
Línea de la Concepción, La-11022;25600;24497
Puerto Real-11028;25272;24497
Rota-11030;24768;24497
Jerez de la Frontera-11020;24645;24497
Chiclana de la Frontera-11015;23389;24497
Tarifa-11035;22806;24497
Conil de la Frontera-11014;22174;24497
Castellar de la Frontera-11013;22015;24497
Bosque, El-11011;20364;24497
Sanlúcar de Barrameda-11032;20124;24497
Ubrique-11038;19639;24497
Jimena de la Frontera-11021;19622;24497
Vejer de la Frontera-11039;19482;24497
Medina Sidonia-11023;18983;24497
Trebujena-11037;18896;24497
Alcalá de los Gazules-11001;18853;24497
Villamartín-11041;18691;24497
Barbate-11007;18659;24497
San Martín del Tesorillo-11903;18525;24497
Chipiona-11016;18371;24497
Arcos de la Frontera-11006;18345;24497
Algodonales-11005;18041;24497
Olvera-11024;17847;24497
Algar-11003;17799;24497
Espera-11017;17719;24497
Benalup-Casas Viejas-11901;17700;24497
Paterna de Rivera-11025;17126;24497
Setenil de las Bodegas-11034;16879;24497
Prado del Rey-11026;16761;24497
Zahara-11042;16699;24497
San José del Valle-11902;16578;24497
Bornos-11010;16441;24497
Grazalema-11019;16387;24497
Gastor, El-11018;15728;24497
Alcalá del Valle-11002;15569;24497
Puerto Serrano-11029;13871;24497
Agrupación municipios pequeños-11;17004;24497
Córdoba-14021;26817;21879
Peñarroya-Pueblonuevo-14052;23533;21879
Montilla-14042;22145;21879
Pozoblanco-14054;21992;21879
Belmez-14009;21926;21879
Añora-14006;21170;21879
Puente Genil-14056;20565;21879
Espiel-14026;20438;21879
Villafranca de Córdoba-14067;20363;21879
Fernán-Núñez-14027;20072;21879
Lucena-14038;19621;21879
Cabra-14013;19382;21879
Obejo-14047;19284;21879
Victoria, La-14065;18724;21879
Palma del Río-14049;18553;21879
Carpio, El-14018;18510;21879
Posadas-14053;18422;21879
Alcaracejos-14003;18395;21879
Dos Torres-14023;18143;21879
Guadalcázar-14033;18108;21879
Carlota, La-14017;18024;21879
Fuente Obejuna-14029;18005;21879
Baena-14007;17908;21879
Torrecampo-14062;17856;21879
Montemayor-14041;17828;21879
Rambla, La-14057;17709;21879
Almodóvar del Río-14005;17653;21879
Hinojosa del Duque-14035;17510;21879
Villanueva del Rey-14071;17494;21879
Rute-14058;17466;21879
Montoro-14043;17342;21879
Castro del Río-14019;17332;21879
Priego de Córdoba-14055;17126;21879
Pedro Abad-14050;17104;21879
Viso, El-14074;17036;21879
Villa del Río-14066;17015;21879
Villanueva del Duque-14070;17014;21879
Montalbán de Córdoba-14040;17012;21879
Aguilar de la Frontera-14002;16818;21879
Doña Mencía-14022;16696;21879
Hornachuelos-14036;16662;21879
Villanueva de Córdoba-14069;16522;21879
Belalcázar-14008;16517;21879
Bujalance-14012;16472;21879
Santaella-14060;16243;21879
Pedroche-14051;16143;21879
Fuente Palmera-14030;16101;21879
Carcabuey-14015;16085;21879
Palenciana-14048;16075;21879
Luque-14039;16002;21879
Cardeña-14016;15965;21879
Moriles-14045;15959;21879
Encinas Reales-14024;15850;21879
Cañete de las Torres-14014;15770;21879
Villaviciosa de Córdoba-14073;15740;21879
Espejo-14025;15650;21879
Benamejí-14010;15621;21879
Villaralto-14072;15584;21879
Monturque-14044;15301;21879
Almedinilla-14004;14908;21879
Valenzuela-14063;14506;21879
Guijarrosa,La-14902;14480;21879
Adamuz-14001;14475;21879
Iznájar-14037;13876;21879
Nueva Carteya-14046;13841;21879
Fuentecarreteros-14901;13802;21879
Agrupación municipios pequeños-14;16163;21879
Granada-18087;30393;23515
Dílar-18068;29337;23515
Cájar-18036;29297;23515
Villa de Otura-18149;28489;23515
Ogíjares-18145;26965;23515
Gójar-18084;26746;23515
Albolote-18003;26685;23515
Huétor Vega-18101;26659;23515
Jun-18111;25575;23515
Monachil-18134;25561;23515
Armilla-18021;24629;23515
Zubia, La-18193;24428;23515
Nivar-18144;24162;23515
Peligros-18153;23753;23515
Huétor de Santillán-18099;23736;23515
Vegas del Genil-18911;23549;23515
Cúllar Vega-18057;23384;23515
Alhendín-18014;23279;23515
Alfacar-18011;23078;23515
Churriana de la Vega-18062;23020;23515
Cenes de la Vega-18047;22642;23515
Maracena-18127;22116;23515
Gabias, Las-18905;22053;23515
Motril-18140;21955;23515
Pinos Genil-18157;21784;23515
Santa Fe-18175;21311;23515
Guadix-18089;21284;23515
Atarfe-18022;21221;23515
Baza-18023;20750;23515
Almuñécar-18017;20748;23515
Pulianas-18165;20738;23515
Salobreña-18173;20655;23515
Padul-18150;20210;23515
Orgiva-18147;20130;23515
Dúrcal-18071;19601;23515
Torrenueva Costa-18916;19277;23515
Cijuela-18048;19089;23515
Güejar Sierra-18094;19080;23515
Güevéjar-18095;19055;23515
Lecrín-18119;18679;23515
Lanjarón-18116;18629;23515
Vélez de Benaudalla-18184;18563;23515
Gualchos-18093;18557;23515
Valderrubio-18914;18527;23515
Chauchina-18059;18405;23515
Nigüelas-18143;18312;23515
Cogollos de la Vega-18050;18298;23515
Loja-18122;18200;23515
Láchar-18115;17962;23515
Huéscar-18098;17942;23515
Benalúa-18027;17895;23515
Pinos Puente-18158;17631;23515
Albuñol-18006;17466;23515
Purullena-18167;17443;23515
Fuente Vaqueros-18079;17106;23515
Alhama de Granada-18013;16990;23515
Moraleda de Zafayona-18138;16980;23515
Polopos-18162;16952;23515
Iznalloz-18105;16851;23515
Valle del Zalabí-18907;16830;23515
Castilléjar-18045;16808;23515
Huétor Tájar-18100;16706;23515
Malahá, La-18126;16691;23515
Caniles-18039;16575;23515
Deifontes-18066;16463;23515
Darro-18063;16398;23515
Peza, La-18154;16333;23515
Campotéjar-18038;16279;23515
Huéneja-18097;16236;23515
Benamaurel-18029;15961;23515
Illora-18102;15952;23515
Cúllar-18056;15922;23515
Cádiar-18035;15773;23515
Ugíjar-18182;15721;23515
Villanueva Mesía-18188;15435;23515
Molvízar-18133;15376;23515
Puebla de Don Fadrique-18164;15364;23515
Píñar-18159;15307;23515
Guajares, Los-18906;15289;23515
Galera-18082;15246;23515
Zújar-18194;15177;23515
Otívar-18148;15166;23515
Orce-18146;15086;23515
Zafarraya-18192;14998;23515
Moclín-18132;14749;23515
Chimeneas-18061;14684;23515
Cortes de Baza-18053;14598;23515
Salar-18171;14588;23515
Pedro Martínez-18152;14370;23515
Montefrío-18135;14280;23515
Cuevas del Campo-18912;14259;23515
Nevada-18903;14252;23515
Guadahortuna-18088;14145;23515
Castril-18046;14117;23515
Jayena-18107;13858;23515
Colomera-18051;13832;23515
Benalúa de las Villas-18028;13774;23515
Montillana-18137;13419;23515
Montejícar-18136;13225;23515
Algarinejo-18012;12970;23515
Agrupación municipios pequeños-18;16108;23515
Aljaraque-21002;30121;20972
Huelva-21041;25580;20972
Minas de Riotinto-21049;23048;20972
Punta Umbría-21060;22853;20972
Valverde del Camino-21072;22351;20972
Calañas-21017;21715;20972
Nerva-21052;20939;20972
Almonaster la Real-21004;20938;20972
Aracena-21007;20881;20972
Palma del Condado, La-21054;20442;20972
Zalamea la Real-21078;20413;20972
Campillo, El-21018;20364;20972
Zarza-Perrunal, La-21902;20362;20972
Ayamonte-21010;20339;20972
Cartaya-21021;19813;20972
San Juan del Puerto-21064;19661;20972
Trigueros-21070;19622;20972
Moguer-21050;19322;20972
Gibraleón-21035;19278;20972
Cortegana-21025;19251;20972
Beas-21011;18991;20972
Jabugo-21043;18812;20972
Cala-21016;18714;20972
Niebla-21053;18685;20972
Cerro de Andévalo, El-21023;18628;20972
Cumbres Mayores-21029;18452;20972
Lucena del Puerto-21046;18420;20972
Hinojos-21040;18396;20972
Bonares-21014;18282;20972
Palos de la Frontera-21055;18198;20972
Bollullos Par del Condado-21013;18158;20972
Villanueva de los Castillejos-21076;18097;20972
Lepe-21044;18026;20972
Santa Olalla del Cala-21069;17929;20972
Isla Cristina-21042;17807;20972
Alosno-21006;17772;20972
Higuera de la Sierra-21038;17581;20972
San Bartolomé de la Torre-21063;17447;20972
Puebla de Guzmán-21058;17418;20972
Galaroza-21034;17271;20972
Chucena-21030;16677;20972
Rosal de la Frontera-21062;16363;20972
Villarrasa-21077;16352;20972
Santa Bárbara de Casa-21068;16043;20972
Escacena del Campo-21032;16007;20972
Villalba del Alcor-21074;15834;20972
Paterna del Campo-21056;15666;20972
Encinasola-21031;15663;20972
Villablanca-21073;15560;20972
Almonte-21005;15285;20972
Manzanilla-21047;15182;20972
Paymogo-21057;14481;20972
Aroche-21008;14398;20972
Rociana del Condado-21061;13861;20972
Agrupación municipios pequeños-21;16881;20972
Guardia de Jaén, La-23038;28209;20266
Jaén-23050;27706;20266
Linares-23055;23569;20266
Ubeda-23092;23531;20266
Martos-23060;21978;20266
Carolina, La-23024;21029;20266
Baeza-23009;20682;20266
Mengíbar-23061;20175;20266
Andújar-23005;19961;20266
Torredonjimeno-23087;19562;20266
Cazorla-23028;19333;20266
Mancha Real-23058;19161;20266
Torre del Campo-23086;18864;20266
Alcalá la Real-23002;18691;20266
Bailén-23010;18173;20266
Canena-23020;17938;20266
Siles-23082;17817;20266
Vilches-23094;17723;20266
Orcera-23065;17689;20266
Baños de la Encina-23011;17617;20266
Rus-23074;17393;20266
Villanueva de la Reina-23096;17370;20266
Villares, Los-23099;17248;20266
Fuerte del Rey-23035;17226;20266
Arjona-23006;17104;20266
Peal de Becerro-23066;17077;20266
Guarromán-23039;16883;20266
Alcaudete-23003;16829;20266
Puente de Génave-23071;16745;20266
Puerta de Segura, La-23072;16717;20266
Cárcheles-23901;16711;20266
Villatorres-23903;16615;20266
Marmolejo-23059;16476;20266
Pegalajar-23067;16418;20266
Villacarrillo-23095;16343;20266
Torreperogil-23088;16245;20266
Jamilena-23051;16213;20266
Campillo de Arenas-23019;16130;20266
Villanueva del Arzobispo-23097;16086;20266
Arjonilla-23007;15960;20266
Segura de la Sierra-23081;15827;20266
Sabiote-23075;15739;20266
Quesada-23073;15626;20266
Santiago-Pontones-23904;15535;20266
Castillo de Locubín-23026;15506;20266
Lopera-23056;15425;20266
Ibros-23046;15395;20266
Iruela, La-23047;15220;20266
Huelma-23044;15176;20266
Beas de Segura-23012;15145;20266
Fuensanta de Martos-23034;15145;20266
Frailes-23033;15134;20266
Pozo Alcón-23070;15080;20266
Begíjar-23014;15057;20266
Arroyo del Ojanco-23905;15029;20266
Castellar-23025;15018;20266
Santisteban del Puerto-23079;14984;20266
Jabalquinto-23049;14970;20266
Porcuna-23069;14727;20266
Valdepeñas de Jaén-23093;14611;20266
Navas de San Juan-23063;14502;20266
Santo Tomé-23080;14488;20266
Lahiguera-23040;14352;20266
Arquillos-23008;14313;20266
Jimena-23052;14306;20266
Bedmar y Garcíez-23902;14280;20266
Albanchez de Mágina-23001;14114;20266
Bélmez de la Moraleda-23015;14073;20266
Torres-23090;14038;20266
Chilluévar-23030;14014;20266
Torreblascopedro-23085;13932;20266
Cabra del Santo Cristo-23017;13923;20266
Jódar-23053;13901;20266
Sorihuela del Guadalimar-23084;13870;20266
Noalejo-23064;13857;20266
Cambil-23018;13239;20266
Montizón-23062;13233;20266
Huesa-23045;12598;20266
Agrupación municipios pequeños-23;14440;20266
Benahavís-29023;38169;24712
Rincón de la Victoria-29082;29454;24712
Marbella-29069;27502;24712
Málaga-29067;27224;24712
Alhaurín de la Torre-29007;27028;24712
Benalmádena-29025;26399;24712
Torremolinos-29901;25659;24712
Fuengirola-29054;24331;24712
Estepona-29051;24234;24712
Antequera-29015;23687;24712
Ronda-29084;23505;24712
Mijas-29070;22982;24712
Manilva-29068;22845;24712
Casares-29041;22769;24712
Istán-29061;22407;24712
Ojén-29076;21988;24712
Vélez-Málaga-29094;21933;24712
Coín-29042;20906;24712
Nerja-29075;20717;24712
Cártama-29038;20641;24712
Campillos-29032;20215;24712
Frigiliana-29053;20095;24712
Pizarra-29080;20031;24712
Alhaurín el Grande-29008;19972;24712
Casabermeja-29039;19541;24712
Almargen-29010;19415;24712
Torrox-29091;19383;24712
Monda-29073;19153;24712
Algarrobo-29005;19033;24712
Fuente de Piedra-29055;18610;24712
Archidona-29017;18556;24712
Arriate-29020;18424;24712
Gaucín-29056;18405;24712
Casarabonela-29040;17818;24712
Alora-29012;17740;24712
Guaro-29058;17667;24712
Benaoján-29028;17476;24712
Ardales-29018;17422;24712
Cortes de la Frontera-29046;17354;24712
Mollina-29072;17354;24712
Humilladero-29059;17269;24712
Viñuela-29099;16971;24712
Almogía-29011;16944;24712
Alcaucín-29002;16830;24712
Cañete la Real-29035;16740;24712
Benamocarra-29027;16660;24712
Alameda-29001;16645;24712
Alozaina-29013;16632;24712
Villanueva del Rosario-29096;16600;24712
Colmenar-29043;16457;24712
Tolox-29090;16360;24712
Teba-29089;16329;24712
Villanueva de la Concepción-29902;16297;24712
Moclinejo-29071;16271;24712
Sierra de Yeguas-29088;16221;24712
Cómpeta-29045;16213;24712
Cuevas del Becerro-29048;16099;24712
Yunquera-29100;16049;24712
Villanueva del Trabuco-29097;15952;24712
Cuevas Bajas-29047;15952;24712
Sayalonga-29086;15496;24712
Alfarnate-29003;15474;24712
Villanueva de Algaidas-29095;15410;24712
Riogordo-29083;15391;24712
Burgo, El-29031;15243;24712
Arenas-29019;15210;24712
Valle de Abdalajís-29093;15171;24712
Canillas de Aceituno-29033;15055;24712
Villanueva de Tapia-29098;15045;24712
Cuevas de San Marcos-29049;14885;24712
Periana-29079;14711;24712
Benamargosa-29026;14090;24712
Almáchar-29009;13868;24712
Comares-29044;13525;24712
Agrupación municipios pequeños-29;15618;24712
Tomares-41093;35524;25321
Espartinas-41040;33735;25321
Valencina de la Concepción-41096;32016;25321
Castilleja de Guzmán-41028;31446;25321
Mairena del Aljarafe-41059;31311;25321
Bormujos-41017;30875;25321
Gines-41047;30500;25321
Gelves-41044;30310;25321
Sevilla-41091;29866;25321
Palomares del Río-41070;29218;25321
Dos Hermanas-41038;25643;25321
Salteras-41085;25641;25321
Alcalá de Guadaíra-41004;25396;25321
Bollullos de la Mitación-41016;25345;25321
Castilleja de la Cuesta-41029;24442;25321
Camas-41021;23633;25321
Guillena-41049;23421;25321
San Juan de Aznalfarache-41086;23417;25321
Almensilla-41010;23352;25321
Sanlúcar la Mayor-41087;22385;25321
Mairena del Alcor-41058;22186;25321
Rinconada, La-41081;22175;25321
Gerena-41045;22035;25321
Umbrete-41094;22017;25321
Santiponce-41089;21826;25321
Algaba, La-41007;21801;25321
Utrera-41095;21774;25321
Carmona-41024;21660;25321
Alcalá del Río-41005;21161;25321
Villanueva del Ariscal-41098;21032;25321
Huévar del Aljarafe-41051;20557;25321
Coria del Río-41034;20540;25321
Ecija-41039;20376;25321
Marchena-41060;20371;25321
Puebla del Río, La-41079;20276;25321
Osuna-41068;20258;25321
Benacazón-41015;20204;25321
Morón de la Frontera-41065;20078;25321
Aznalcázar-41012;19701;25321
Olivares-41067;19687;25321
Burguillos-41019;19618;25321
Viso del Alcor, El-41102;19514;25321
Lebrija-41053;19491;25321
Ronquillo, El-41083;19333;25321
Carrión de los Céspedes-41025;19331;25321
Aznalcóllar-41013;19123;25321
Estepa-41041;19110;25321
Brenes-41018;18973;25321
Villanueva del Río y Minas-41099;18855;25321
Albaida del Aljarafe-41003;18823;25321
Palacios y Villafranca, Los-41069;18820;25321
Arahal-41011;18561;25321
Lora del Río-41055;18472;25321
Molares, Los-41063;18410;25321
Cazalla de la Sierra-41032;18409;25321
Castilblanco de los Arroyos-41027;18367;25321
Constantina-41033;18339;25321
Cantillana-41023;18273;25321
Castillo de las Guardas, El-41031;18270;25321
Puebla de Cazalla, La-41077;18217;25321
Tocina-41092;18139;25321
Luisiana, La-41056;17989;25321
Gilena-41046;17969;25321
Herrera-41050;17965;25321
Roda de Andalucía, La-41082;17826;25321
Pedroso, El-41073;17567;25321
Villaverde del Río-41101;17514;25321
Pilas-41075;17414;25321
Coronil, El-41036;17381;25321
Peñaflor-41074;17343;25321
Paradas-41071;17237;25321
Cabezas de San Juan, Las-41020;17079;25321
Almadén de la Plata-41009;17039;25321
Real de la Jara, El-41080;16664;25321
Cañada Rosal-41901;16576;25321
Aguadulce-41001;16546;25321
Alcolea del Río-41006;16506;25321
Fuentes de Andalucía-41042;16465;25321
Saucejo, El-41090;16344;25321
Cuervo de Sevilla, El-41903;16314;25321
Isla Mayor-41902;16266;25321
Villamanrique de la Condesa-41097;16144;25321
Casariche-41026;16115;25321
Puebla de los Infantes, La-41078;16028;25321
Coripe-41035;15918;25321
Pedrera-41072;15890;25321
Navas de la Concepción, Las-41066;15713;25321
Alanís-41002;15680;25321
Guadalcanal-41048;15576;25321
Montellano-41064;15476;25321
Lantejuela, La-41052;15471;25321
Campana, La-41022;15314;25321
Rubio, El-41084;15280;25321
Corrales, Los-41037;15113;25321
Algámitas-41008;15109;25321
Badolatosa-41014;15025;25321
Martín de la Jara-41062;14833;25321
Palmar de Troya, El-41904;14345;25321
Villanueva de San Juan-41100;14148;25321
Marinaleda-41061;14050;25321
Pruna-41076;14008;25321
Agrupación municipios pequeños-41;17654;25321
Huesca-22125;28170;25513
Sabiñánigo-22199;27318;25513
Binéfar-22061;26742;25513
Jaca-22130;26624;25513
Biescas-22059;26610;25513
Barbastro-22048;26291;25513
Benasque-22054;26131;25513
Aínsa-Sobrarbe-22907;26051;25513
Sallent de Gállego-22204;25611;25513
Monzón-22158;25554;25513
Alcolea de Cinca-22017;24945;25513
Almudévar-22021;24358;25513
Altorricón-22025;24196;25513
Sariñena-22213;24094;25513
Boltaña-22066;24020;25513
Fraga-22112;23807;25513
Binaced-22060;23578;25513
Graus-22117;23465;25513
Tamarite de Litera-22225;23045;25513
Grañén-22116;22529;25513
Ayerbe-22039;22344;25513
Albalate de Cinca-22007;21832;25513
Benabarre-22053;21100;25513
Lanaja-22137;20632;25513
Torrente de Cinca-22234;20331;25513
Gurrea de Gállego-22119;19885;25513
Belver de Cinca-22052;19325;25513
Zaidín-22254;18337;25513
Agrupación municipios pequeños-22;22933;25513
Andorra-44025;29214;23356
Teruel-44216;27105;23356
Alcañiz-44013;24092;23356
Montalbán-44155;23838;23356
Utrillas-44238;23829;23356
Alcorisa-44014;23270;23356
Albalate del Arzobispo-44008;22979;23356
Mora de Rubielos-44158;22699;23356
Calamocha-44050;22646;23356
Sarrión-44210;22465;23356
Monreal del Campo-44153;22378;23356
Albarracín-44009;21481;23356
Híjar-44122;21411;23356
Valderrobres-44246;20665;23356
Cella-44076;20579;23356
Calanda-44051;20482;23356
Santa Eulalia-44209;19972;23356
Mas de las Matas-44145;19832;23356
Agrupación municipios pequeños-44;18797;23356
Cuarte de Huerva-50089;31095;27827
Villanueva de Gállego-50288;29940;27827
Zaragoza-50297;29475;27827
Cadrete-50066;28366;27827
María de Huerva-50163;27717;27827
Escatrón-50101;27425;27827
Utebo-50272;27213;27827
Zuera-50298;27075;27827
Muela, La-50182;26663;27827
Figueruelas-50107;26500;27827
Villamayor de Gállego-50903;26453;27827
Burgo de Ebro, El-50062;26244;27827
Puebla de Alfindén, La-50219;25751;27827
Mequinenza-50165;25486;27827
San Mateo de Gállego-50235;25347;27827
Alfajarín-50017;25254;27827
Sobradiel-50247;25125;27827
Pastriz-50203;25059;27827
Pinseque-50209;25027;27827
Muel-50181;24850;27827
Sástago-50240;24791;27827
Joyosa, La-50132;24384;27827
Alagón-50008;24204;27827
Calatayud-50067;24182;27827
Tauste-50252;24114;27827
Pedrola-50204;23819;27827
Fuentes de Ebro-50115;23652;27827
Borja-50055;23618;27827
Ejea de los Caballeros-50095;23551;27827
Torres de Berrellén-50262;23433;27827
Pina de Ebro-50208;23340;27827
Remolinos-50223;23208;27827
Tarazona-50251;23143;27827
Cariñena-50073;22598;27827
Quinto-50222;22535;27827
Mallén-50160;22316;27827
Gallur-50118;22279;27827
Morata de Jalón-50175;21928;27827
Epila-50099;21742;27827
Daroca-50094;21686;27827
Leciñena-50137;21640;27827
Ateca-50038;21440;27827
Belchite-50045;21153;27827
Sádaba-50230;20933;27827
Ainzón-50006;20837;27827
Almunia de Doña Godina, La-50025;20784;27827
Magallón-50153;20592;27827
Calatorao-50068;20525;27827
Caspe-50074;19790;27827
Alhama de Aragón-50020;18847;27827
Ariza-50034;18016;27827
Alfamén-50018;17806;27827
Maella-50152;17768;27827
Brea de Aragón-50057;17602;27827
Ricla-50225;17487;27827
Illueca-50126;17271;27827
Fabara-50102;17057;27827
Agrupación municipios pequeños-50;19366;27827
Oviedo-33044;30468;27448
Castrillón-33016;30330;27448
Morcín-33038;28366;27448
Gijón-33024;28281;27448
Llanera-33035;28187;27448
Riosa-33058;27836;27448
Noreña-33042;27473;27448
Siero-33066;27472;27448
Avilés-33004;27432;27448
Gozón-33025;27210;27448
Carreño-33014;26791;27448
Laviana-33032;26613;27448
Illas-33030;26553;27448
Aller-33002;26506;27448
Ribera de Arriba-33057;26471;27448
Mieres-33037;26419;27448
Lena-33033;26299;27448
Navia-33041;26131;27448
Langreo-33031;26026;27448
Soto del Barco-33069;25991;27448
Muros de Nalón-33039;25700;27448
Coaña-33018;25603;27448
San Martín del Rey Aurelio-33060;25547;27448
Corvera de Asturias-33020;25386;27448
Regueras, Las-33054;24934;27448
Villaviciosa-33076;24684;27448
Cangas del Narcea-33011;23645;27448
Grado-33026;23588;27448
Bimenes-33006;23509;27448
Sariego-33065;23483;27448
Nava-33040;23290;27448
Tapia de Casariego-33070;23244;27448
Pravia-33051;23112;27448
Candamo-33010;23090;27448
Franco, El-33023;22965;27448
Teverga-33072;22902;27448
Llanes-33036;22807;27448
Ribadesella-33056;22786;27448
Cudillero-33021;22711;27448
Parres-33045;21733;27448
Ibias-33028;21583;27448
Salas-33059;21570;27448
Vegadeo-33074;21489;27448
Valdés-33034;21472;27448
Castropol-33017;21443;27448
Colunga-33019;21355;27448
Quirós-33053;20910;27448
Piloña-33049;20606;27448
Tineo-33073;20600;27448
Belmonte de Miranda-33005;19970;27448
Cangas de Onís-33012;19914;27448
Ribadedeva-33055;19733;27448
Boal-33007;19459;27448
Caso-33015;19451;27448
Cabrales-33008;18025;27448
Cabranes-33009;17572;27448
Allande-33001;17474;27448
Peñamellera Baja-33047;17452;27448
Villayón-33077;17288;27448
Somiedo-33068;16910;27448
Agrupación municipios pequeños-33;19263;27448
Valldemossa-07063;45924;29736
Esporles-07020;41030;29736
Bunyola-07010;39543;29736
Puigpunyent-07045;34875;29736
Marratxí-07036;32820;29736
Alaró-07001;32601;29736
Calvià-07011;32426;29736
Palma de Mallorca-07040;31826;29736
Santa Eugènia-07053;31818;29736
Formentera-07024;31723;29736
Santa María del Camí-07056;31340;29736
Eivissa-07026;31108;29736
Sant Joan de Labritja-07050;30779;29736
Sant Lluís-07052;30595;29736
Sant Josep de sa Talaia-07048;30373;29736
Santa Eulalia del Río-07054;30360;29736
Sóller-07061;30094;29736
Llucmajor-07031;30077;29736
Selva-07058;29869;29736
Binissalem-07008;29698;29736
Montuïri-07038;29661;29736
Búger-07009;29517;29736
Mancor de la Vall-07034;29468;29736
Sencelles-07047;29158;29736
Algaida-07004;29129;29736
Campanet-07012;28712;29736
Artà-07006;28486;29736
Maó-Mahón-07032;28202;29736
Costitx-07017;28173;29736
Pollença-07042;28138;29736
Lloret de Vistalegre-07028;27960;29736
Consell-07016;27906;29736
Llubí-07030;27680;29736
Sineu-07060;27149;29736
Alcúdia-07003;27120;29736
Andratx-07005;27103;29736
Castell, Es-07064;26639;29736
Sant Antoni de Portmany-07046;26593;29736
Santanyí-07057;26555;29736
Maria de la Salut-07035;26475;29736
Salines, Ses-07059;26461;29736
Porreres-07043;26318;29736
Manacor-07033;26156;29736
Campos-07013;26062;29736
Santa Margalida-07055;25758;29736
Petra-07041;25657;29736
Sant Joan-07049;25592;29736
Muro-07039;25589;29736
Mercadal, Es-07037;25450;29736
Inca-07027;25388;29736
Ferreries-07023;25259;29736
Lloseta-07029;25147;29736
Alaior-07002;25044;29736
Felanitx-07022;24982;29736
Vilafranca de Bonany-07065;24798;29736
Migjorn Gran, Es-07902;24793;29736
Ciutadella de Menorca-07015;24762;29736
Sant Llorenç des Cardassar-07051;24401;29736
Son Servera-07062;24340;29736
Pobla, Sa-07044;23863;29736
Capdepera-07014;23235;29736
Agrupación municipios pequeños-07;27814;29736
Santa Brígida-35021;41274;25636
Palmas de Gran Canaria, Las-35016;29482;25636
Teguise-35024;27840;25636
San Bartolomé de Tirajana-35019;25646;25636
Tías-35028;25018;25636
San Bartolomé-35018;24861;25636
Arucas-35006;24571;25636
Puerto del Rosario-35017;24373;25636
Haría-35010;24342;25636
Telde-35026;24063;25636
Gáldar-35009;23882;25636
Agaete-35001;23679;25636
Valsequillo de Gran Canaria-35031;23564;25636
Teror-35027;23425;25636
Firgas-35008;23310;25636
Antigua-35003;23302;25636
Tinajo-35029;23223;25636
Agüimes-35002;22693;25636
Vega de San Mateo-35033;22600;25636
Santa María de Guía de Gran Canaria-35023;22265;25636
Moya-35013;22236;25636
Yaiza-35034;22229;25636
Ingenio-35011;22167;25636
Tuineje-35030;22152;25636
Mogán-35012;22097;25636
Arrecife-35004;22003;25636
Oliva, La-35014;21511;25636
Pájara-35015;20946;25636
Santa Lucía de Tirajana-35022;20454;25636
Valleseco-35032;19800;25636
Artenara-35005;19284;25636
Tejeda-35025;19005;25636
Aldea de San Nicolás, La-35020;17429;25636
Agrupación municipios pequeños-35;22499;25636
Rosario, El-38032;32683;24474
Tegueste-38046;30345;24474
Santa Cruz de Tenerife-38038;28910;24474
Puerto de la Cruz-38028;28676;24474
Candelaria-38011;27010;24474
Tacoronte-38043;26945;24474
Sauzal, El-38041;26557;24474
Breña Baja-38009;25924;24474
San Cristóbal de La Laguna-38023;25861;24474
Santa Cruz de la Palma-38037;24840;24474
Valverde-38048;24803;24474
Santa Úrsula-38039;23841;24474
San Sebastián de la Gomera-38036;23644;24474
Breña Alta-38008;23571;24474
Arafo-38004;23314;24474
Adeje-38001;23254;24474
Matanza de Acentejo, La-38025;22684;24474
Güímar-38020;22571;24474
Orotava, La-38026;22206;24474
Villa de Mazo-38053;22105;24474
Llanos de Aridane, Los-38024;21632;24474
San Miguel de Abona-38035;21218;24474
Paso, El-38027;21134;24474
Arico-38005;21080;24474
Granadilla de Abona-38017;21039;24474
Fasnia-38012;20937;24474
Frontera-38013;20683;24474
Santiago del Teide-38040;20679;24474
Tijarafe-38047;20673;24474
Puntallana-38030;20618;24474
Arona-38006;20517;24474
Pinar de El Hierro, El-38901;20428;24474
Guía de Isora-38019;20268;24474
Realejos, Los-38031;19858;24474
Alajeró-38003;19712;24474
Valle Gran Rey-38049;19560;24474
San Andrés y Sauces-38033;19246;24474
Victoria de Acentejo, La-38051;19168;24474
Fuencaliente de la Palma-38014;19149;24474
Garachico-38015;19039;24474
Vilaflor-38052;19039;24474
Guancha, La-38018;19036;24474
Icod de los Vinos-38022;18870;24474
San Juan de la Rambla-38034;18830;24474
Agulo-38002;18548;24474
Silos, Los-38042;18220;24474
Buenavista del Norte-38010;18116;24474
Tazacorte-38045;17958;24474
Hermigua-38021;17856;24474
Barlovento-38007;17313;24474
Tanque, El-38044;17185;24474
Puntagorda-38029;17089;24474
Vallehermoso-38050;16909;24474
Garafía-38016;15798;24474
Santa Cruz de Bezana-39073;32992;27010
Castro-Urdiales-39020;31314;27010
Santander-39075;30469;27010
Liendo-39036;30002;27010
Piélagos-39052;29243;27010
Ribamontán al Mar-39061;27685;27010
Guriezo-39030;27401;27010
Villaescusa-39099;27348;27010
Suances-39085;26803;27010
Camargo-39016;26123;27010
Argoños-39005;26077;27010
Polanco-39054;26035;27010
Santillana del Mar-39076;25775;27010
Marina de Cudeyo-39040;25730;27010
Ribamontán al Monte-39062;25551;27010
Miengo-39044;25540;27010
Campoo de Enmedio-39027;25370;27010
Astillero, El-39008;25322;27010
Reinosa-39059;25281;27010
Bárcena de Cicero-39009;25183;27010
Limpias-39038;25169;27010
Medio Cudeyo-39042;25080;27010
Mazcuerras-39041;25033;27010
Penagos-39048;24877;27010
Laredo-39035;24835;27010
Corrales de Buelna, Los-39025;24743;27010
Noja-39047;24560;27010
Colindres-39023;24528;27010
Reocín-39060;24520;27010
Torrelavega-39087;24445;27010
Entrambasaguas-39028;24266;27010
Hermandad de Campoo de Suso-39032;24222;27010
Puente Viesgo-39056;24050;27010
Santa María de Cayón-39074;23903;27010
Arnuero-39006;23828;27010
Cabezón de la Sal-39012;23785;27010
Ampuero-39002;23678;27010
Liérganes-39037;23607;27010
Santoña-39079;23432;27010
Castañeda-39019;23298;27010
Santiurde de Toranzo-39078;23288;27010
Voto-39102;23261;27010
Cartes-39018;23160;27010
Bareyo-39011;22963;27010
San Felices de Buelna-39069;22954;27010
Hazas de Cesto-39031;22804;27010
Comillas-39024;22573;27010
Alfoz de Lloredo-39001;22467;27010
San Vicente de la Barquera-39080;22154;27010
Ramales de la Victoria-39057;22126;27010
Meruelo-39043;21919;27010
Riotuerto-39064;21772;27010
Ruente-39066;21686;27010
Valdáliga-39091;21137;27010
Potes-39055;20940;27010
Arenas de Iguña-39004;20778;27010
Cillorigo de Liébana-39022;20664;27010
Corvera de Toranzo-39026;20613;27010
Solórzano-39084;20346;27010
Selaya-39082;20305;27010
Molledo-39046;20291;27010
Val de San Vicente-39095;20045;27010
Villacarriedo-39098;19573;27010
Rionansa-39063;19089;27010
Soba-39083;14777;27010
Agrupación municipios pequeños-39;19676;27010
Avila-05019;26267;21986
Arévalo-05016;22887;21986
Adrada, La-05002;20876;21986
Piedrahíta-05186;20698;21986
Barco de Avila, El-05021;20022;21986
Arenas de San Pedro-05014;19904;21986
Sotillo de la Adrada-05240;19888;21986
Navas del Marqués, Las-05168;19873;21986
Navaluenga-05163;19408;21986
Cebreros-05057;19121;21986
Tiemblo, El-05241;19069;21986
Barraco, El-05022;18196;21986
Burgohondo-05041;18143;21986
Piedralaves-05187;18019;21986
Hoyo de Pinares, El-05102;17484;21986
Casavieja-05054;16703;21986
Candeleda-05047;16665;21986
Madrigal de las Altas Torres-05114;15813;21986
Agrupación municipios pequeños-05;17345;21986
Cardeñajimeno-09074;35666;26863
Arcos-09023;28706;26863
Burgos-09059;28673;26863
Condado de Treviño-09109;28178;26863
Alfoz de Quintanadueñas-09907;28009;26863
Miranda de Ebro-09219;27419;26863
Cardeñadijo-09073;27153;26863
Villagonzalo Pedernales-09434;26558;26863
Aranda de Duero-09018;26366;26863
Valle de Mena-09410;26349;26863
Merindad de Río Ubierna-09906;26347;26863
Villalbilla de Burgos-09439;25975;26863
Ibeas de Juarros-09177;25922;26863
Medina de Pomar-09209;24319;26863
Salas de los Infantes-09330;23572;26863
Villarcayo de Merindad de Castilla la Vieja-09903;22651;26863
Lerma-09194;22213;26863
Briviesca-09056;22036;26863
Roa-09321;21272;26863
Belorado-09048;20894;26863
Oña-09238;20099;26863
Espinosa de los Monteros-09124;19910;26863
Villadiego-09427;19194;26863
Melgar de Fernamental-09211;18608;26863
Quintanar de la Sierra-09289;18017;26863
Pradoluengo-09274;17879;26863
Agrupación municipios pequeños-09;22478;26863
Sariegos-24163;34334;24547
León-24089;28424;24547
Villablino-24202;25735;24547
Villaquilambre-24222;25543;24547
Igüeña-24083;25335;24547
Robla, La-24134;25254;24547
Garrafe de Torío-24076;25023;24547
Ponferrada-24115;24992;24547
Cuadros-24061;24737;24547
Valdefresno-24175;24701;24547
Pola de Gordón, La-24114;23932;24547
Páramo del Sil-24110;23906;24547
Fabero-24070;23841;24547
San Andrés del Rabanedo-24142;23790;24547
Torre del Bierzo-24170;23678;24547
Congosto-24057;23554;24547
Toreno-24169;23553;24547
Folgoso de la Ribera-24071;23447;24547
Castropodame-24049;23396;24547
Bembibre-24014;23313;24547
Cabañas Raras-24027;23226;24547
Valverde de la Virgen-24189;23213;24547
Santovenia de la Valdoncina-24162;23124;24547
Onzonilla-24105;22985;24547
Cubillos del Sil-24064;22715;24547
Astorga-24008;22702;24547
Vega de Espinareda-24196;22451;24547
Carracedelo-24038;22384;24547
Villadangos del Páramo-24205;21810;24547
Villasabariego-24225;21521;24547
Villamañán-24212;21380;24547
Valencia de Don Juan-24188;21362;24547
Matallana de Torío-24098;21340;24547
Cistierna-24056;21271;24547
Villaturiel-24227;21072;24547
Valderas-24181;21071;24547
Cacabelos-24030;20944;24547
Bañeza, La-24010;20855;24547
Puente de Domingo Flórez-24122;20825;24547
Camponaraya-24034;20823;24547
Villarejo de Órbigo-24223;20742;24547
Soto de la Vega-24166;20686;24547
Toral de los Vados-24206;20680;24547
Sahagún-24139;20668;24547
Santa María del Páramo-24157;20648;24547
Vegas del Condado-24201;20641;24547
Sabero-24137;20553;24547
Villafranca del Bierzo-24209;20424;24547
Chozas de Abajo-24065;19676;24547
Benavides-24015;19586;24547
Carrizo-24039;19585;24547
San Justo de la Vega-24148;19450;24547
Boñar-24021;18955;24547
Mansilla de las Mulas-24094;18730;24547
Santa Elena de Jamuz-24154;17954;24547
Santa Marina del Rey-24159;17845;24547
Valdepolo-24180;17150;24547
Laguna de Negrillos-24088;16802;24547
Bustillo del Páramo-24026;16630;24547
Agrupación municipios pequeños-24;18440;24547
Grijota-34079;28460;24470
Villalobón-34217;27507;24470
Palencia-34120;26719;24470
Aguilar de Campoo-34004;24498;24470
Villamuriel de Cerrato-34225;24337;24470
Barruelo de Santullán-34027;24000;24470
Venta de Baños-34023;23913;24470
Velilla del Río Carrión-34199;23769;24470
Guardo-34080;23616;24470
Saldaña-34157;23214;24470
Santibáñez de la Peña-34171;22786;24470
Magaz de Pisuerga-34098;22546;24470
Dueñas-34069;22166;24470
Astudillo-34017;21307;24470
Cervera de Pisuerga-34056;20855;24470
Carrión de los Condes-34047;20449;24470
Osorno la Mayor-34901;20301;24470
Herrera de Pisuerga-34083;19679;24470
Baltanás-34022;18876;24470
Paredes de Nava-34123;18340;24470
Agrupación municipios pequeños-34;19171;24470
Carbajosa de la Sagrada-37085;38382;24569
Cabrerizos-37067;31479;24569
Aldeatejada-37023;29073;24569
Carrascal de Barregas-37087;28769;24569
Villamayor-37354;28752;24569
Santa Marta de Tormes-37294;27519;24569
Monterrubio de Armuña-37202;27459;24569
Salamanca-37274;26839;24569
Villares de la Reina-37362;26118;24569
Doñinos de Salamanca-37117;25362;24569
San Cristóbal de la Cuesta-37278;23910;24569
Pelabravo-37240;23477;24569
Guijuelo-37156;23437;24569
Castellanos de Moriscos-37092;22904;24569
Fuentes de Oñoro-37140;22529;24569
Alba de Tormes-37008;21170;24569
Calvarrasa de Abajo-37069;20995;24569
Terradillos-37322;20514;24569
Peñaranda de Bracamonte-37246;20452;24569
Béjar-37046;20403;24569
Ciudad Rodrigo-37107;20384;24569
Vitigudino-37376;19649;24569
Aldeadávila de la Ribera-37014;19150;24569
Fuente de San Esteban, La-37135;18923;24569
Alberca, La-37010;18527;24569
Ledesma-37170;17703;24569
Lumbrales-37173;17358;24569
Villoria-37374;17133;24569
Macotera-37174;16513;24569
Agrupación municipios pequeños-37;17879;24569
Trescasas-40207;30598;24558
Torrecaballeros-40203;29796;24558
Lastrilla, La-40112;29435;24558
Palazuelos de Eresma-40155;28593;24558
Segovia-40194;27121;24558
Real Sitio de San Ildefonso-40181;26138;24558
San Cristóbal de Segovia-40906;26106;24558
Espinar, El-40076;24610;24558
Espirdo-40077;24404;24558
Hontanares de Eresma-40101;23294;24558
Valverde del Majano-40216;23034;24558
Riaza-40170;22851;24558
Cantimpalos-40041;22226;24558
Cuéllar-40063;22070;24558
Cantalejo-40040;21779;24558
Carbonero el Mayor-40043;21684;24558
Navas de Oro-40145;20917;24558
Nava de la Asunción-40138;20874;24558
Coca-40057;20830;24558
Villacastín-40225;19985;24558
Ayllón-40024;19585;24558
Navalmanzano-40141;18894;24558
Agrupación municipios pequeños-40;21066;24558
Golmayo-42095;28265;24315
Soria-42173;27079;24315
Burgo de Osma-Ciudad de Osma-42043;23354;24315
Olvega-42134;23325;24315
Agreda-42004;23032;24315
Almazán-42020;22877;24315
San Esteban de Gormaz-42162;21439;24315
San Leonardo de Yagüe-42164;20460;24315
Arcos de Jalón-42025;20229;24315
Duruelo de la Sierra-42078;17806;24315
Covaleda-42069;17324;24315
Agrupación municipios pequeños-42;19216;24315
Simancas-47161;58897;27941
Boecillo-47023;34435;27941
Villanubla-47217;29877;27941
Valladolid-47186;29667;27941
Arroyo de la Encomienda-47010;29324;27941
Viana de Cega-47193;29008;27941
Renedo de Esgueva-47133;28335;27941
Zaratán-47231;28125;27941
Laguna de Duero-47076;26910;27941
Aldeamayor de San Martín-47007;26614;27941
Cistérniga-47052;26371;27941
Fuensaldaña-47066;25854;27941
Tudela de Duero-47175;24265;27941
Cabezón de Pisuerga-47027;23969;27941
Mojados-47090;23300;27941
Santovenia de Pisuerga-47155;22969;27941
Cigales-47050;22909;27941
Tordesillas-47165;22894;27941
Peñafiel-47114;22858;27941
Portillo-47122;22831;27941
Olmedo-47104;22665;27941
Medina del Campo-47085;22286;27941
Medina de Rioseco-47086;22158;27941
Villanueva de Duero-47218;22133;27941
Pedraja de Portillo, La-47111;21992;27941
Quintanilla de Onésimo-47129;21843;27941
Serrada-47159;21482;27941
Traspinedo-47173;21191;27941
Iscar-47075;21097;27941
Pedrajas de San Esteban-47112;20958;27941
Valdestillas-47182;20947;27941
Matapozuelos-47082;20914;27941
Seca, La-47158;20798;27941
Villabrágima-47197;19918;27941
Rueda-47139;19785;27941
Campaspero-47030;18910;27941
Villalón de Campos-47214;18773;27941
Nava del Rey-47101;18616;27941
Mayorga-47084;18079;27941
Alaejos-47004;17806;27941
Agrupación municipios pequeños-47;19844;27941
Morales del Vino-49127;26617;21386
Zamora-49275;24955;21386
Puebla de Sanabria-49166;22447;21386
Benavente-49021;21705;21386
Villaralbo-49261;21336;21386
Toro-49219;20926;21386
Moraleja del Vino-49125;20761;21386
Santa Cristina de la Polvorosa-49200;19312;21386
Bermillo de Sayago-49023;18893;21386
Villalpando-49250;18557;21386
Coreses-49053;18452;21386
San Cristóbal de Entreviñas-49187;18208;21386
Fuentesaúco-49081;18071;21386
Alcañices-49003;17673;21386
Fermoselle-49065;16807;21386
Agrupación municipios pequeños-49;16878;21386
Albacete-02003;27350;23259
Almansa-02009;23607;23259
Chinchilla de Monte-Aragón-02029;22402;23259
Roda, La-02069;21703;23259
Villarrobledo-02081;21371;23259
Gineta, La-02035;20680;23259
Caudete-02025;20257;23259
Madrigueras-02045;20232;23259
Casas-Ibáñez-02024;20133;23259
Pozo Cañada-02901;19659;23259
Balazote-02012;19510;23259
Hellín-02037;19484;23259
Valdeganga-02075;19425;23259
Tarazona de la Mancha-02073;19279;23259
Alcaraz-02008;18908;23259
Elche de la Sierra-02030;18884;23259
Higueruela-02039;18812;23259
Fuentealbilla-02034;18266;23259
Casas de Juan Núñez-02021;18112;23259
Tobarra-02074;17688;23259
Ossa de Montiel-02057;17522;23259
Barrax-02015;17469;23259
Villalgordo del Júcar-02078;17414;23259
Pozohondo-02063;17354;23259
Lezuza-02043;17317;23259
Bonete-02018;17222;23259
Peñas de San Pedro-02060;17152;23259
Mahora-02046;17148;23259
Bonillo, El-02019;17129;23259
Montealegre del Castillo-02051;17110;23259
Alpera-02010;17038;23259
Fuente-Alamo-02033;16665;23259
Liétor-02044;16654;23259
Villamalea-02079;16644;23259
San Pedro-02071;16441;23259
Riópar-02067;16365;23259
Minaya-02048;16018;23259
Munera-02053;16002;23259
Ontur-02056;15753;23259
Alcalá del Júcar-02007;15654;23259
Socovos-02072;15390;23259
Yeste-02086;15340;23259
Cenizate-02026;15099;23259
Nerpio-02055;13983;23259
Agrupación municipios pequeños-02;16604;23259
Ciudad Real-13034;29775;22943
Puertollano-13071;27689;22943
Alcázar de San Juan-13005;25944;22943
Poblete-13064;25317;22943
Argamasilla de Calatrava-13020;25235;22943
Manzanares-13053;24720;22943
Almodóvar del Campo-13015;24224;22943
Miguelturra-13056;23820;22943
Valdepeñas-13087;23534;22943
Almagro-13013;22425;22943
Membrilla-13054;21766;22943
Tomelloso-13082;21061;22943
Campo de Criptana-13028;20863;22943
Almadén-13011;20758;22943
Daimiel-13039;20720;22943
Carrión de Calatrava-13031;20218;22943
Pozuelo de Calatrava-13066;20127;22943
Santa Cruz de Mudela-13077;19776;22943
Villanueva de los Infantes-13093;19678;22943
Calzada de Calatrava-13027;19563;22943
Alcolea de Calatrava-13007;19522;22943
Socuéllamos-13078;19505;22943
Argamasilla de Alba-13019;19003;22943
Pedro Muñoz-13061;18892;22943
Corral de Calatrava-13035;18864;22943
Bolaños de Calatrava-13023;18626;22943
Villarta de San Juan-13097;18619;22943
Aldea del Rey-13009;18552;22943
Torralba de Calatrava-13083;18532;22943
Robledo, El-13901;18472;22943
Villarrubia de los Ojos-13096;18440;22943
Herencia-13047;18438;22943
Malagón-13052;18421;22943
Piedrabuena-13063;18162;22943
Solana, La-13079;18143;22943
Chillón-13038;18138;22943
Viso del Marqués-13098;17769;22943
Porzuna-13065;17602;22943
Fuente el Fresno-13044;16914;22943
Abenójar-13001;16885;22943
Villahermosa-13089;16567;22943
Arenas de San Juan-13018;16388;22943
Puebla de Don Rodrigo-13068;16291;22943
San Carlos del Valle-13074;16233;22943
Moral de Calatrava-13058;16230;22943
Torrenueva-13085;16101;22943
Fuencaliente-13042;15775;22943
Villanueva de la Fuente-13092;15570;22943
Castellar de Santiago-13033;15474;22943
Agudo-13002;15071;22943
Montiel-13057;14992;22943
Alhambra-13010;14722;22943
Albaladejo-13004;14622;22943
Carrizosa-13032;14098;22943
Villamanrique-13090;13651;22943
Agrupación municipios pequeños-13;16766;22943
Arcas-16905;27148;21238
Cuenca-16078;26757;21238
Villar de Olalla-16263;25509;21238
Tarancón-16203;22933;21238
Motilla del Palancar-16134;22601;21238
Valverde de Júcar-16236;20120;21238
San Clemente-16190;20024;21238
Horcajo de Santiago-16106;19650;21238
Mota del Cuervo-16133;19169;21238
Huete-16112;18871;21238
Fuente de Pedro Naharro-16086;18668;21238
Landete-16117;18596;21238
Iniesta-16113;18272;21238
Pedroñeras, Las-16154;18247;21238
San Lorenzo de la Parrilla-16191;18148;21238
Honrubia-16102;17934;21238
Villamayor de Santiago-16249;17842;21238
Belmonte-16033;17765;21238
Valeras, Las-16903;17711;21238
Pedernoso, El-16153;17705;21238
Sisante-16198;17199;21238
Provencio, El-16171;17188;21238
Casasimarro-16066;17172;21238
Quintanar del Rey-16175;16943;21238
Villanueva de la Jara-16251;16895;21238
Minglanilla-16125;16676;21238
Ledaña-16118;16568;21238
Campillo de Altobuey-16042;16467;21238
Alberca de Záncara, La-16007;15864;21238
Mesas, Las-16124;15685;21238
Casas de Fernando Alonso-16061;15594;21238
Villalpardo-16248;14762;21238
Agrupación municipios pequeños-16;17337;21238
Cabanillas del Campo-19058;32716;26814
Casar, El-19071;31917;26814
Valdeaveruelo-19300;31415;26814
Chiloeches-19105;28978;26814
Guadalajara-19130;28927;26814
Uceda-19293;28502;26814
Trillo-19291;28310;26814
Villanueva de la Torre-19319;27695;26814
Alovera-19024;27175;26814
Yebes-19326;27113;26814
Galápagos-19126;26439;26814
Azuqueca de Henares-19046;25937;26814
Torrejón del Rey-19280;25461;26814
Fontanar-19117;25074;26814
Marchamalo-19171;24865;26814
Pozo de Guadalajara-19225;24736;26814
Pioz-19220;24505;26814
Horche-19143;24473;26814
Cifuentes-19086;24345;26814
Tórtola de Henares-19286;24194;26814
Sigüenza-19257;23264;26814
Yunquera de Henares-19331;23079;26814
Loranca de Tajuña-19160;23025;26814
Torija-19274;22854;26814
Brihuega-19053;21779;26814
Molina de Aragón-19190;21216;26814
Trijueque-19290;21044;26814
Humanes-19151;21029;26814
Mondéjar-19192;20881;26814
Almoguera-19021;20022;26814
Sacedón-19245;19733;26814
Jadraque-19156;19072;26814
Agrupación municipios pequeños-19;20180;26814
Pepino-45132;31944;23190
Olías del Rey-45122;31368;23190
Cobisa-45052;31305;23190
Toledo-45168;29871;23190
Nambroca-45107;28768;23190
Bargas-45019;27653;23190
Ontígola-45123;26482;23190
Illescas-45081;26343;23190
Argés-45016;26311;23190
Burguillos de Toledo-45023;26006;23190
Carranque-45038;25803;23190
San Román de los Montes-45154;25749;23190
Ugena-45176;25189;23190
Seseña-45161;24297;23190
Villaluenga de la Sagra-45188;23711;23190
Torrijos-45173;23632;23190
Esquivias-45064;23315;23190
Casarrubios del Monte-45041;23289;23190
Santa Cruz del Retamar-45157;23264;23190
Talavera de la Reina-45165;23138;23190
Ocaña-45121;23034;23190
Noblejas-45115;22877;23190
Ventas de Retamosa, Las-45183;22760;23190
Guadamur-45070;22655;23190
Yeles-45201;22630;23190
Valmojado-45180;22302;23190
Viso de San Juan, El-45199;22297;23190
Méntrida-45099;22228;23190
Villaseca de la Sagra-45196;21971;23190
Alameda de la Sagra-45002;21884;23190
Segurilla-45160;21829;23190
Magán-45088;21806;23190
Yuncos-45205;21682;23190
Yuncler-45203;21272;23190
Fuensalida-45066;21186;23190
Cedillo del Condado-45047;21059;23190
Villasequilla-45197;21038;23190
Mocejón-45102;20936;23190
Santo Domingo-Caudilla-45901;20909;23190
Cobeja-45051;20832;23190
Numancia de la Sagra-45119;20815;23190
Pantoja-45128;20791;23190
Yébenes, Los-45200;20729;23190
Tembleque-45166;20637;23190
Novés-45118;20637;23190
Añover de Tajo-45014;20583;23190
Palomeque-45127;20550;23190
Camarena-45031;20539;23190
Escalona-45061;20484;23190
Yepes-45202;20477;23190
Villarrubia de Santiago-45195;20461;23190
Puebla de Montalbán, La-45136;20444;23190
Oropesa-45125;20341;23190
Lominchar-45085;20316;23190
Borox-45021;20255;23190
Sonseca-45163;20229;23190
Escalonilla-45062;20212;23190
Polán-45133;20207;23190
Mora-45106;20149;23190
Pulgar-45140;20143;23190
Quintanar de la Orden-45142;20075;23190
Consuegra-45053;20043;23190
Orgaz-45124;19978;23190
Torre de Esteban Hambrán, La-45171;19876;23190
Recas-45145;19871;23190
Mejorada-45097;19808;23190
Madridejos-45087;19780;23190
Chozas de Canales-45056;19759;23190
Cabañas de la Sagra-45025;19715;23190
Quismondo-45143;19693;23190
Dosbarrios-45059;19668;23190
Calera y Chozas-45028;19622;23190
Casar de Escalona, El-45040;19620;23190
Villatobas-45198;19561;23190
Ajofrín-45001;19549;23190
Huerta de Valdecarábanos-45078;19488;23190
Menasalbas-45098;19442;23190
Santa Olalla-45158;19254;23190
Gerindote-45069;18994;23190
Santa Cruz de la Zarza-45156;18966;23190
Gálvez-45067;18950;23190
Puente del Arzobispo, El-45138;18912;23190
Malpica de Tajo-45089;18882;23190
Cazalegas-45045;18882;23190
Villacañas-45185;18855;23190
Portillo de Toledo-45134;18786;23190
Cuerva-45055;18647;23190
Corral de Almaguer-45054;18596;23190
Villafranca de los Caballeros-45187;18555;23190
Velada-45181;18547;23190
Mazarambroz-45096;18475;23190
Navalmorales, Los-45112;18408;23190
Almorox-45013;18236;23190
Pueblanueva, La-45137;18123;23190
Burujón-45024;18027;23190
Urda-45177;17963;23190
Guardia, La-45071;17935;23190
Ventas con Peña Aguilera, Las-45182;17763;23190
Lagartera-45082;17730;23190
Carpio de Tajo, El-45037;17693;23190
Toboso, El-45167;17535;23190
Miguel Esteban-45101;17381;23190
Camuñas-45034;17345;23190
Navahermosa-45109;17342;23190
Cebolla-45046;17338;23190
Lillo-45084;17283;23190
San Pablo de los Montes-45153;17202;23190
Villanueva de Alcardete-45192;17137;23190
Navalcán-45110;17067;23190
Navalucillos, Los-45113;16675;23190
Alcaudete de la Jara-45006;16599;23190
Puebla de Almoradiel, La-45135;16503;23190
Belvís de la Jara-45020;16281;23190
Villa de Don Fadrique, La-45186;16208;23190
Agrupación municipios pequeños-45;18671;23190
Matadepera-08120;65671;33958
Sant Just Desvern-08221;60645;33958
Sant Cugat del Vallès-08205;56689;33958
Gurb-08100;55486;33958
Sant Andreu de Llavaneres-08197;54911;33958
Cabrils-08030;54878;33958
Sant Vicenç de Montalt-08264;53230;33958
Alella-08003;53128;33958
Tiana-08282;50466;33958
Sitges-08270;49289;33958
Vallromanes-08296;47808;33958
Tona-08283;45997;33958
Teià-08281;45895;33958
Cabrera de Mar-08029;45066;33958
Castelldefels-08056;45020;33958
Ametlla del Vallès, L-08005;44702;33958
Sant Quirze del Vallès-08238;43717;33958
Begues-08020;43184;33958
Premià de Dalt-08230;42580;33958
Barcelona-08019;39523;33958
Esplugues de Llobregat-08077;39515;33958
Collbató-08069;39483;33958
Vilassar de Dalt-08214;39098;33958
Vilassar de Mar-08219;39098;33958
Caldes Estrac-08032;38376;33958
Sant Julià de Vilatorta-08220;37770;33958
Vilanova del Vallès-08902;37611;33958
Sant Esteve de Palautordera-08207;37597;33958
Sant Pol de Mar-08235;37451;33958
Masnou, El-08118;37315;33958
Sant Esteve Sesrovires-08208;36883;33958
Garriga, La-08088;36776;33958
Castellví de Rosanes-08066;36039;33958
Sant Antoni de Vilamajor-08198;35080;33958
Sant Joan Despí-08217;35027;33958
Pallejà-08157;34972;33958
Corbera de Llobregat-08072;34903;33958
Sant Fruitós de Bages-08213;34531;33958
Torrelles de Llobregat-08289;34455;33958
Molins de Rei-08123;34161;33958
Argentona-08009;34106;33958
Palma de Cervelló, La-08905;34085;33958
Roca del Vallès, La-08181;34070;33958
Cerdanyola del Vallès-08266;34014;33958
Cardedeu-08046;34012;33958
Cervelló-08068;34008;33958
Santa Coloma de Cervelló-08244;33988;33958
Viladecavalls-08300;33885;33958
Arenys de Mar-08006;33743;33958
Montgat-08126;33535;33958
Seva-08269;33471;33958
Gualba-08097;33369;33958
Sant Fost de Campsentelles-08209;33366;33958
Bigues i Riells-08023;33184;33958
Folgueroles-08083;33147;33958
Bruc, El-08025;33092;33958
Gavà-08089;33009;33958
Sant Feliu de Llobregat-08211;32990;33958
Ullastrell-08290;32980;33958
Olivella-08148;32872;33958
Sant Vicenç de Torelló-08265;32705;33958
Granollers-08096;32563;33958
Vallgorguina-08294;32562;33958
Franqueses del Vallès, Les-08086;32486;33958
Lliçà de Vall-08108;32478;33958
Caldes de Montbui-08033;32448;33958
Santa Eulàlia de Ronçana-08248;32427;33958
Palau-solità i Plegamans-08156;32415;33958
Taradell-08278;32293;33958
Castellnou de Bages-08062;31886;33958
Castellar del Vallès-08051;31793;33958
Sant Sadurní Anoia-08240;31762;33958
Calders-08034;31630;33958
Santpedor-08192;31595;33958
Sant Climent de Llobregat-08204;31591;33958
Premià de Mar-08172;31514;33958
Sant Pere de Vilamajor-08234;31480;33958
Papiol, El-08158;31478;33958
Cànoves i Samalús-08042;31436;33958
Llinars del Vallès-08106;31190;33958
Sant Llorenç Hortons-08222;31177;33958
Vallirana-08295;31109;33958
Sant Pere de Ribes-08231;31073;33958
Vilobí del Penedès-08304;31063;33958
Sant Cebrià de Vallalta-08203;31054;33958
Cubelles-08074;31030;33958
Abrera-08001;31021;33958
Avinyonet del Penedès-08013;30959;33958
Castellbisbal-08054;30904;33958
Torrelavit-08287;30889;33958
Arenys de Munt-08007;30834;33958
Vilanova i la Geltrú-08307;30743;33958
Dosrius-08075;30712;33958
Olèrdola-08145;30691;33958
Santa Susanna-08261;30659;33958
Santa Maria de Palautordera-08259;30646;33958
Gelida-08091;30601;33958
Santa Eulàlia de Riuprimer-08247;30597;33958
Vacarisses-08291;30581;33958
Martorelles-08115;30514;33958
Aiguafreda-08014;30459;33958
Lliçà Amunt-08107;30437;33958
Olesa de Bonesvalls-08146;30406;33958
Igualada-08102;30254;33958
Sabadell-08187;30179;33958
Sant Iscle de Vallalta-08193;30120;33958
L´Esquirol-08254;30040;33958
Parets del Vallès-08159;30036;33958
Vic-08298;29965;33958
Sant Martí de Tous-08226;29917;33958
Manresa-08113;29797;33958
Sant Cugat Sesgarrigues-08206;29758;33958
Esparreguera-08076;29663;33958
Fonollosa-08084;29497;33958
Hostalets de Pierola, Els-08162;29475;33958
Sant Celoni-08202;29449;33958
Canyelles-08043;29418;33958
Sentmenat-08267;29338;33958
Santa Perpètua de Mogoda-08260;29270;33958
Olost-08149;29264;33958
Moià-08138;29243;33958
Sant Salvador de Guardiola-08098;29237;33958
Terrassa-08279;29232;33958
Súria-08274;29230;33958
Casserres-08049;29226;33958
Masies de Voltregà, Les-08117;29150;33958
Barberà del Vallès-08252;29086;33958
Montmeló-08135;29078;33958
Martorell-08114;29065;33958
Sant Feliu de Codines-08210;29056;33958
Vilafranca del Penedès-08305;29051;33958
Canet de Mar-08040;29050;33958
Sant Hipòlit de Voltregà-08215;29038;33958
Viladecans-08301;29029;33958
Subirats-08273;28999;33958
Olesa de Montserrat-08147;28975;33958
Callús-08038;28926;33958
Navarcles-08140;28899;33958
Castellgalí-08061;28864;33958
Castellterçol-08064;28841;33958
Sant Andreu de la Barca-08196;28828;33958
Sant Quirze de Besora-08237;28711;33958
Vallbona Anoia-08292;28701;33958
Masquefa-08119;28677;33958
Granada, La-08094;28669;33958
Rubí-08184;28545;33958
Torelló-08285;28511;33958
Sant Pere de Torelló-08233;28442;33958
Calldetenes-08037;28388;33958
Prat de Llobregat, El-08169;28364;33958
Sant Pere de Riudebitlles-08232;28357;33958
Sant Boi de Llobregat-08200;28165;33958
Font-rubí-08085;28145;33958
Berga-08022;28144;33958
Mollet del Vallès-08124;28113;33958
Montcada i Reixac-08125;28108;33958
Pobla de Claramunt, La-08165;28051;33958
Capellades-08044;27957;33958
Montornès del Vallès-08136;27956;33958
Badalona-08015;27951;33958
Polinyà-08167;27945;33958
Centelles-08067;27803;33958
Figaró-Montmany-08134;27725;33958
Sant Vicenç dels Horts-08263;27695;33958
Cardona-08047;27631;33958
Odena-08143;27621;33958
Torre de Claramunt, La-08286;27565;33958
Mataró-08121;27538;33958
Cornellà de Llobregat-08073;27520;33958
Canovelles-08041;27483;33958
Sallent-08191;27421;33958
Artés-08010;27337;33958
Roda de Ter-08183;27324;33958
Calaf-08031;27257;33958
Ripollet-08180;27198;33958
Avià-08011;27192;33958
Avinyó-08012;27156;33958
Balsareny-08018;27128;33958
Pla del Penedès, El-08164;27072;33958
Navàs-08141;27005;33958
Calella-08035;26970;33958
Sant Martí Sarroca-08227;26870;33958
Castellví de la Marca-08065;26833;33958
Piera-08161;26819;33958
Santa Margarida i els Monjos-08251;26759;33958
Bagà-08016;26754;33958
Sant Joan de Vilatorrada-08218;26744;33958
Mediona-08122;26664;33958
Puig-reig-08175;26580;33958
Castellet i la Gornal-08058;26575;33958
Manlleu-08112;26510;33958
Malgrat de Mar-08110;26430;33958
Sant Vicenç de Castellet-08262;26385;33958
Tordera-08284;26334;33958
Sant Llorenç Savall-08223;26327;33958
Sant Martí de Centelles-08224;26276;33958
Castellbell i el Vilar-08053;26263;33958
Balenyà-08017;26253;33958
Sant Adrià de Besòs-08194;26235;33958
Palafolls-08155;26032;33958
Gironella-08092;26012;33958
Hospitalet de Llobregat, L-08101;25991;33958
Monistrol de Montserrat-08127;25929;33958
Prats de Lluçanès-08171;25906;33958
Santa Eugènia de Berga-08246;25872;33958
Fogars de la Selva-08082;25600;33958
Pont de Vilomara i Rocafort, El-08182;25408;33958
Montesquiu-08134;25393;33958
Cabrera Anoia-08028;25350;33958
Llagosta, La-08105;25319;33958
Sant Quintí de Mediona-08236;25252;33958
Cercs-08268;25183;33958
Pineda de Mar-08163;25101;33958
Torrelles de Foix-08288;24402;33958
Santa Maria Oló-08258;24381;33958
Santa Coloma de Gramenet-08245;23930;33958
Vilanova del Camí-08302;23662;33958
Badia del Vallès-08904;23374;33958
Pobla de Lillet, La-08166;23367;33958
Santa Margarida de Montbui-08250;23066;33958
Agrupación municipios pequeños-08;30746;33958
Fornells de la Selva-17073;39378;28905
Peralada-17132;37956;28905
Sant Gregori-17163;37311;28905
Vilablareix-17215;36724;28905
Forallac-17902;36014;28905
Girona-17079;34292;28905
Sant Julià de Ramis-17169;33701;28905
Riudarenes-17148;33400;28905
Quart-17142;32705;28905
Navata-17111;32656;28905
Vall de Bianya, La-17208;32161;28905
Viladrau-17220;31914;28905
Corçà-17057;31538;28905
Llívia-17094;31350;28905
Calonge-17034;31305;28905
Bordils-17025;31289;28905
Preses, Les-17139;31153;28905
Vall en Bas, La-17207;31059;28905
Camprodon-17039;30990;28905
Santa Cristina Aro-17181;30903;28905
Sant Joan les Fonts-17185;30827;28905
Cornellà del Terri-17056;30765;28905
Palau-saverdera-17120;30661;28905
Begur-17013;30555;28905
Pals-17124;30522;28905
Alp-17006;30435;28905
Bescanó-17020;30387;28905
Sant Feliu de Pallerols-17161;30354;28905
Castell-Platja Aro-17048;30335;28905
Santa Pau-17184;30141;28905
Porqueres-17137;30030;28905
Avinyonet de Puigventós-17012;29918;28905
Banyoles-17015;29883;28905
Caldes de Malavella-17033;29699;28905
Llers-17093;29661;28905
Celrà-17049;29587;28905
Vilajuïga-17223;29570;28905
Riudellots de la Selva-17150;29414;28905
Fontcoberta-17071;29404;28905
Besalú-17019;29359;28905
Cruïlles, Monells i Sant Sadurní de Heura-17901;29274;28905
Mont-ras-17110;29132;28905
Cassà de la Selva-17044;29033;28905
Vilobí Onyar-17233;28963;28905
Escala, L-17062;28950;28905
Sarrià de Ter-17186;28828;28905
Portbou-17138;28731;28905
Olot-17114;28632;28905
Flaçà-17067;28326;28905
Amer-17007;28325;28905
Cadaqués-17032;28235;28905
Vilafant-17221;28191;28905
Riells i Viabrea-17146;28115;28905
Jonquera, La-17086;27988;28905
Sant Pere Pescador-17178;27814;28905
Sant Joan de les Abadesses-17167;27754;28905
Planes Hostoles, Les-17133;27711;28905
Santa Coloma de Farners-17180;27616;28905
Palamós-17118;27597;28905
Sils-17193;27562;28905
Serinyà-17190;27253;28905
Ripoll-17147;27226;28905
Sant Julià del Llor i Bonmatí-17903;27151;28905
Castelló Empúries-17047;27129;28905
Vidreres-17213;27097;28905
Campdevànol-17036;27049;28905
Ribes de Freser-17145;26985;28905
Llançà-17092;26945;28905
Verges-17211;26925;28905
Torroella de Montgrí-17199;26885;28905
Breda-17027;26739;28905
Bàscara-17016;26727;28905
Figueres-17066;26724;28905
Cellera de Ter, La-17189;26706;28905
Puigcerdà-17141;26626;28905
Maçanet de la Selva-17103;26579;28905
Palafrugell-17117;26547;28905
Anglès-17008;26346;28905
Llagostera-17089;26330;28905
Blanes-17023;26121;28905
Sant Feliu de Guíxols-17160;26080;28905
Arbúcies-17009;26074;28905
Tossa de Mar-17202;25919;28905
Hostalric-17083;25819;28905
Ullà-17204;25706;28905
Sant Hilari Sacalm-17164;25376;28905
Roses-17152;25309;28905
Bisbal Empordà, La-17022;24844;28905
Vilamalla-17226;24799;28905
Lloret de Mar-17095;24584;28905
Salt-17155;22577;28905
Agrupación municipios pequeños-17;31051;28905
Alpicat-25023;36108;26684
Cervera-25072;31712;26684
Naut Aran-25025;31607;26684
Bellver de Cerdanya-25051;31368;26684
Torrefarrera-25228;30119;26684
Lleida-25120;29075;26684
Montferrer i Castellbò-25140;29001;26684
Benavent de Segrià-25053;28855;26684
Palau Anglesola, El-25158;27648;26684
Golmés-25099;27551;26684
Vilanova de la Barca-25254;27496;26684
Bossòst-25059;27245;26684
Mollerussa-25137;27225;26684
Bell-lloc Urgell-25048;27224;26684
Anglesola-25027;26847;26684
Seu Urgell, La-25203;26750;26684
Vielha e Mijaran-25243;26540;26684
Vallfogona de Balaguer-25240;26475;26684
Ponts-25172;26466;26684
Pobla de Segur, La-25171;26448;26684
Agramunt-25003;26416;26684
Pont de Suert, El-25173;26360;26684
Rosselló-25189;26080;26684
Guissona-25110;25958;26684
Vall de Boí La-25043;25930;26684
Tàrrega-25217;25866;26684
Almacelles-25019;25582;26684
Alcoletge-25012;25374;26684
Bellpuig-25050;25319;26684
Corbins-25078;25312;26684
Vilanova de Bellpuig-25248;25294;26684
Juneda-25119;25264;26684
Borges Blanques, Les-25058;25230;26684
Torà-25223;25220;26684
Balaguer-25040;25141;26684
Tremp-25234;25117;26684
Solsona-25207;24894;26684
Ivars Urgell-25113;24859;26684
Sant Guim de Freixenet-25192;24843;26684
Puigverd de Lleida-25182;24604;26684
Oliana-25149;24573;26684
Artesa de Lleida-25033;24542;26684
Miralcamp-25135;24516;26684
Térmens-25220;24440;26684
Sort-25209;24419;26684
Fuliola, La-25096;24396;26684
Alguaire-25016;24380;26684
Bellcaire Urgell-25047;24059;26684
Torregrossa-25230;23887;26684
Albatàrrec-25007;23657;26684
Artesa de Segre-25034;23640;26684
Bellvís-25052;23570;26684
Almenar-25021;23444;26684
Albesa-25008;23332;26684
Gimenells i el Pla de la Font-25912;23263;26684
Alfarràs-25013;23262;26684
Linyola-25122;22680;26684
Alcarràs-25011;22458;26684
Soses-25210;22079;26684
Arbeca-25029;21904;26684
Isona i Conca Dellà-25115;21352;26684
Seròs-25204;20129;26684
Torres de Segre-25232;20022;26684
Aitona-25038;19320;26684
Agrupación municipios pequeños-25;23784;26684
Almoster-43011;39471;27500
Altafulla-43012;38497;27500
Castellvell del Camp-43042;36843;27500
Pallaresos, Els-43100;34761;27500
Vandellòs i Hospitalet de Infant-43162;32589;27500
Tarragona-43148;31650;27500
Catllar, El-43043;31624;27500
Secuita, La-43144;31539;27500
Cambrils-43038;31256;27500
Flix-43060;30971;27500
Vinyols i els Arcs-43178;30850;27500
Vallmoll-43160;30741;27500
Selva del Camp, La-43145;30305;27500
Puigpelat-43119;29878;27500
Riera de Gaià, La-43126;29484;27500
Ascó-43019;29368;27500
Perafort-43103;29315;27500
Morell, El-43095;29121;27500
Roda de Berà-43131;28593;27500
Riba-roja Ebre-43125;28441;27500
Valls-43161;28243;27500
Botarell-43033;28228;27500
Móra Ebre-43093;28224;27500
Banyeres del Penedès-43020;28188;27500
Borges del Camp, Les-43031;27846;27500
Reus-43123;27713;27500
Montblanc-43086;27678;27500
Llorenç del Penedès-43074;27611;27500
Vilallonga del Camp-43166;27595;27500
Torredembarra-43153;27576;27500
Calafell-43037;27383;27500
Ampolla, L-43906;27276;27500
Cunit-43051;27127;27500
Riudecanyes-43127;27100;27500
Vendrell, El-43163;27098;27500
Montbrió del Camp-43088;27050;27500
Creixell-43050;26987;27500
Mont-roig del Camp-43092;26958;27500
Salou-43905;26830;27500
Sant Jaume dels Domenys-43137;26620;27500
Falset-43055;26467;27500
Alcover-43005;26389;27500
Riudoms-43129;26091;27500
Canonja, La-43907;25983;27500
Vila-seca-43171;25902;27500
Ametlla de Mar, L-43013;25812;27500
Tortosa-43155;25799;27500
Alforja-43009;25755;27500
Vila-rodona-43170;25592;27500
Móra la Nova-43094;25552;27500
Pobla de Montornès, La-43111;25407;27500
Arboç, L-43016;25389;27500
Santa Coloma de Queralt-43139;25219;27500
Santa Oliva-43140;25078;27500
Pobla de Mafumet, La-43109;25056;27500
Riudecols-43128;24994;27500
Bellvei-43024;24969;27500
Pla de Santa Maria, El-43108;24962;27500
Espluga de Francolí, L-43054;24684;27500
Cabra del Camp-43036;24520;27500
Bisbal del Penedès, La-43028;24384;27500
Constantí-43047;23973;27500
Gandesa-43064;23943;27500
Sant Carles de la Ràpita-43136;23750;27500
Xerta-43052;23594;27500
Roquetes-43133;23557;27500
Albinyana-43002;23555;27500
Sarral-43142;23283;27500
Montmell, El-43090;23261;27500
Amposta-43014;23028;27500
Masdenverge-43078;22455;27500
Tivissa-43150;22452;27500
Deltebre-43901;21922;27500
Benissanet-43026;21492;27500
Alcanar-43004;21400;27500
Ulldecona-43156;21303;27500
Camarles-43903;21099;27500
Sant Jaume Enveja-43902;21027;27500
Aldea, L-43904;20971;27500
Perelló, El-43104;20743;27500
Sénia, La-43044;20565;27500
Santa Bàrbara-43138;20335;27500
Pinell de Brai, El-43106;20211;27500
Corbera Ebre-43048;20138;27500
Horta de Sant Joan-43071;19498;27500
Batea-43022;18044;27500
Agrupación municipios pequeños-43;23434;27500
Campello, el-03050;30292;23348
Mutxamel-03090;28637;23348
Sant Joan Alacant-03119;28553;23348
Alicante/Alacant-03014;28044;23348
Finestrat-03069;25511;23348
Cocentaina-03056;25158;23348
Jávea/Xàbia-03082;24759;23348
Alcoy/Alcoi-03009;24649;23348
Altea-03018;24515;23348
Dénia-03063;24437;23348
Nucia, la-03094;24384;23348
Ibi-03079;24322;23348
Banyeres de Mariola-03021;24245;23348
San Vicente del Raspeig/Sant Vicent del Raspeig-03122;24100;23348
Tibi-03129;23970;23348
Santa Pola-03121;23780;23348
Alfàs del Pi, l-03011;23653;23348
Novelda-03093;23243;23348
Muro de Alcoy-03092;23192;23348
Biar-03043;22961;23348
Guardamar del Segura-03076;22812;23348
Busot-03046;22807;23348
Benidorm-03031;22742;23348
Villajoyosa/Vila Joiosa, la-03139;22640;23348
Teulada-03128;22436;23348
Jijona/Xixona-03083;22436;23348
Pilar de la Horadada-03902;22316;23348
Castalla-03053;22284;23348
Calp-03047;22168;23348
Benissa-03041;21965;23348
Elche/Elx-03065;21957;23348
Pedreguer-03101;21814;23348
Onil-03096;21720;23348
Sax-03123;21668;23348
Cañada-03052;21622;23348
Gata de Gorgos-03071;21621;23348
Poblets, els-03901;21592;23348
Orihuela-03099;21482;23348
Pego-03102;21435;23348
Polop-03107;21426;23348
Beneixama-03023;21214;23348
Monforte del Cid-03088;21101;23348
Petrer-03104;21022;23348
Elda-03066;20994;23348
Benidoleig-03030;20721;23348
Jacarilla-03080;20694;23348
Beniarbeig-03026;20514;23348
Aspe-03019;20486;23348
Villena-03140;20460;23348
Ondara-03095;20289;23348
Benferri-03025;20257;23348
Algueña-03013;20186;23348
Benitachell/Poble Nou de Benitatxell, el-03042;20149;23348
Torrevieja-03133;20108;23348
Orba-03097;19900;23348
Almoradí-03015;19854;23348
Agost-03002;19839;23348
Redován-03111;19823;23348
San Isidro-03904;19633;23348
Monóvar/Monòver-03089;19597;23348
Verger, el-03138;19518;23348
Pinós, el/Pinoso-03105;19515;23348
Benejúzar-03024;19513;23348
Crevillent-03059;19470;23348
Callosa de Segura-03049;19444;23348
Bigastro-03044;19441;23348
Granja de Rocamora-03074;19436;23348
Relleu-03112;19418;23348
San Miguel de Salinas-03120;19343;23348
Callosa en Sarrià-03048;19215;23348
Cox-03058;19207;23348
Xaló-03081;19059;23348
Albatera-03005;18851;23348
Romana, la-03114;18781;23348
Montesinos, Los-03903;18592;23348
Fondó de les Neus, el/Hondón de las Nieves-03077;18505;23348
Salinas-03116;18377;23348
Beniarrés-03028;18334;23348
Catral-03055;18226;23348
Benijófar-03034;18224;23348
Rojales-03113;18175;23348
Alcalalí-03006;18091;23348
Algorfa-03012;17986;23348
Daya Nueva-03061;17963;23348
Rafal-03109;17887;23348
Dolores-03064;17856;23348
Formentera del Segura-03070;17195;23348
San Fulgencio-03118;16965;23348
Hondón de los Frailes-03078;16803;23348
Agrupación municipios pequeños-03;19603;23348
Benicasim/Benicàssim-12028;38293;25164
Borriol-12031;30182;25164
Alcora, l-12005;28167;25164
Castellón de la Plana/Castelló de la Plana-12040;28143;25164
Pobla Tornesa, la-12094;27492;25164
Vila-real-12135;25784;25164
Ribesalbes-12095;25164;25164
Oropesa del Mar/Orpesa-12085;25011;25164
Onda-12084;24937;25164
Borriana/Burriana-12032;23940;25164
Almazora/Almassora-12009;23817;25164
Vilafamés-12128;23520;25164
Lucena del Cid-12072;23494;25164
Sant Joan de Moró-12902;23396;25164
Peníscola/Peñíscola-12089;23386;25164
Alquerías del Niño Perdido-12901;23384;25164
Artana-12016;22847;25164
Nules-12082;22841;25164
Almenara-12011;22807;25164
Soneja-12106;22779;25164
Vinaròs-12138;22730;25164
Moncofa-12077;22717;25164
Segorbe-12104;22602;25164
Benicarló-12027;22416;25164
Morella-12080;22411;25164
Betxí-12021;22219;25164
Vall Uixó, la-12126;22159;25164
Viver-12140;21178;25164
Vall Alba-12124;21152;25164
Jérica-12071;21089;25164
Chilches/Xilxes-12053;20993;25164
Sant Mateu-12100;20850;25164
Atzeneta del Maestrat-12001;20806;25164
Vilavella, la-12136;20269;25164
Cabanes-12033;20249;25164
Altura-12012;20164;25164
Alcalà de Xivert-12004;19815;25164
Albocàsser-12003;19636;25164
Càlig-12034;19603;25164
Benlloch-12029;19378;25164
Coves de Vinromà, les-12050;19366;25164
Benasal-12026;18662;25164
Torreblanca-12117;18562;25164
Villafranca del Cid/Vilafranca-12129;18442;25164
Traiguera-12121;16700;25164
Agrupación municipios pequeños-12;19448;25164
Xeresa-46146;69313;27016
Rocafort-46216;52238;27016
Godella-46135;40225;27016
Bétera-46070;39558;27016
Puig de Santa Maria, el-46204;38388;27016
Eliana, l-46116;37356;27016
San Antonio de Benagéber-46903;37310;27016
Alboraya-46013;33179;27016
Canet En Berenguer-46082;33143;27016
Puçol-46205;32061;27016
Valencia-46250;31655;27016
Paterna-46190;29339;27016
Riba-roja de Túria-46214;29137;27016
Nàquera/Náquera-46178;28540;27016
Gilet-46134;28471;27016
Chiva-46111;28426;27016
Pobla de Vallbona, la-46202;28010;27016
Serra-46228;27905;27016
Picanya-46193;27830;27016
Massalfassar-46163;27792;27016
Pobla de Farnals, la-46199;27496;27016
Albalat dels Tarongers-46010;27202;27016
Olocau-46182;27116;27016
Almussafes-46035;26787;27016
Daimús-46113;26776;27016
Benirredrà-46066;26744;27016
Sagunto/Sagunt-46220;26415;27016
Albalat dels Sorells-46009;26394;27016
Foios-46126;25687;27016
Almàssera-46032;25621;27016
Beniparrell-46065;25619;27016
Torrent-46244;25469;27016
Catarroja-46094;25299;27016
Moncada-46171;25293;27016
Albuixech-46014;25150;27016
Meliana-46166;25101;27016
Rafelbunyol-46207;25076;27016
Picassent-46194;24906;27016
Massanassa-46165;24861;27016
Estivella-46120;24733;27016
Alzira-46017;24645;27016
Benifaió-46060;24600;27016
Bonrepòs i Mirambell-46074;24585;27016
Buñol-46077;24520;27016
Siete Aguas-46229;24510;27016
Xàtiva-46145;24497;27016
Vinalesa-46260;24490;27016
Alfara del Patriarca-46025;24452;27016
Paiporta-46186;24361;27016
Mislata-46169;24319;27016
Loriguilla-46148;24151;27016
Museros-46177;24062;27016
Albal-46007;23926;27016
Sedaví-46223;23922;27016
Llíria-46147;23895;27016
Albaida-46006;23868;27016
Sueca-46235;23856;27016
Quartell-46103;23820;27016
Gandia-46131;23819;27016
Montserrat-46172;23554;27016
Bocairent-46072;23532;27016
Silla-46230;23507;27016
Godelleta-46136;23467;27016
Ontinyent-46184;23328;27016
Cheste-46109;23328;27016
Algímia d´Alfara-46030;23268;27016
Alcàsser-46015;23256;27016
Tavernes Blanques-46237;23234;27016
Alcúdia, l-46019;23199;27016
Alborache-46012;23163;27016
Requena-46213;23117;27016
Aldaia-46021;22947;27016
Cullera-46105;22895;27016
Massamagrell-46164;22803;27016
Alaquàs-46005;22773;27016
Manises-46159;22761;27016
Algemesí-46029;22755;27016
Carlet-46085;22714;27016
Olleria, l-46183;22625;27016
Benetússer-46054;22604;27016
Cofrentes-46097;22573;27016
Burjassot-46078;22564;27016
Quart de Poblet-46102;22564;27016
Sollana-46233;22529;27016
Villar del Arzobispo-46258;22388;27016
Guadassuar-46139;22352;27016
Marines-46161;22342;27016
Benifairó de la Valldigna-46059;22256;27016
Vilallonga/Villalonga-46255;22253;27016
Miramar-46168;22247;27016
Barx-46046;22203;27016
Turís-46248;22172;27016
Benisanó-46067;22151;27016
Xirivella-46110;22136;27016
Palmera-46188;22063;27016
Yátova-46261;22062;27016
Carcaixent-46083;22044;27016
Tavernes de la Valldigna-46238;22011;27016
Vilamarxant-46256;21987;27016
Agullent-46004;21962;27016
Alginet-46031;21863;27016
Bellreguard-46048;21774;27016
Real de Gandía-46211;21722;27016
Oliva-46181;21703;27016
Benimodo-46063;21697;27016
Alfafar-46022;21660;27016
Llombai-46156;21575;27016
Alfarp-46026;21499;27016
Macastre-46158;21499;27016
Fortaleny-46125;21487;27016
Faura-46122;21456;27016
Alberic-46011;21420;27016
Benaguasil-46051;21406;27016
Alfarrasí-46027;21375;27016
Beniarjó-46055;21317;27016
Manuel-46160;21296;27016
Benicull de Xúquer-46904;21241;27016
Piles-46195;21160;27016
Almoines-46034;21116;27016
Genovés-46132;20966;27016
Catadau-46093;20883;27016
Utiel-46249;20778;27016
Potríes-46198;20772;27016
Ador-46002;20750;27016
Atzeneta Albaida-46003;20669;27016
Casinos-46089;20633;27016
Benigànim-46062;20519;27016
Alcúdia de Crespins, l-46020;20458;27016
Polinyà de Xúquer-46197;20446;27016
Enguera-46118;20439;27016
Chelva-46106;20428;27016
Real-46212;20396;27016
Montaverner-46173;20387;27016
Castelló de Rugat-46090;20308;27016
Mogente/Moixent-46170;20308;27016
Gavarda-46130;20275;27016
Rafelcofer-46208;20269;27016
Corbera-46098;20222;27016
Rafelguaraf-46209;20210;27016
Quatretonda-46104;20185;27016
Pobla Llarga, la-46203;20138;27016
Quart de les Valls-46101;20132;27016
Rotglà i Corberà-46217;20115;27016
Tous-46246;20066;27016
Albalat de la Ribera-46008;20051;27016
Montroi/Montroy-46176;20043;27016
Aielo de Malferit-46042;20008;27016
Villanueva de Castellón-46257;19993;27016
Llosa de Ranes, la-46157;19973;27016
Palma de Gandía-46187;19945;27016
Alqueria de la Comtessa, l-46037;19927;27016
Simat de la Valldigna-46231;19909;27016
Ayora-46044;19815;27016
Canals-46081;19786;27016
Xeraco-46143;19780;27016
Favara-46123;19744;27016
Font de la Figuera, la-46128;19714;27016
Vallada-46251;19677;27016
Càrcer-46084;19500;27016
Llanera de Ranes-46154;19474;27016
Benifairó de les Valls-46058;19424;27016
Riola-46215;19420;27016
Rótova-46218;19379;27016
Barxeta-46045;19198;27016
Navarrés-46179;19186;27016
Pedralba-46191;19148;27016
Llaurí-46155;19056;27016
Senyera-46227;18788;27016
Pobla del Duc, la-46200;18754;27016
Tuéjar-46247;18683;27016
Antella-46040;18648;27016
Anna-46039;18626;27016
La Font D´en Carros-46127;18556;27016
Sumacàrcer-46236;18153;27016
Chella-46107;17951;27016
Bolbaite-46073;17905;27016
Alcàntera de Xúquer-46016;17885;27016
Sinarcas-46232;17812;27016
Camporrobles-46080;17711;27016
Massalavés-46162;17494;27016
Montesa-46174;17392;27016
Llutxent-46150;17196;27016
Ademuz-46001;17048;27016
Venta del Moro-46254;16317;27016
Agrupación municipios pequeños-46;20105;27016
Badajoz-06015;27136;20916
Mérida-06083;24760;20916
Zafra-06158;24292;20916
Don Benito-06044;22448;20916
Llerena-06074;21878;20916
Almendralejo-06011;21111;20916
Villanueva de la Serena-06153;21107;20916
Jerez de los Caballeros-06070;20796;20916
Talavera la Real-06128;19571;20916
Fuente de Cantos-06052;19546;20916
Fregenal de la Sierra-06050;19333;20916
Orellana la Vieja-06097;19316;20916
Puebla de la Calzada-06103;19015;20916
Azuaga-06014;18999;20916
Villafranca de los Barros-06149;18980;20916
Santos de Maimona, Los-06122;18968;20916
Higuera la Real-06067;18757;20916
Valle de Santa Ana-06148;18754;20916
Castuera-06036;18530;20916
Trujillanos-06135;18492;20916
Puebla de Sancho Pérez-06108;18439;20916
Monesterio-06085;18293;20916
Montijo-06088;18254;20916
Medina de las Torres-06081;18121;20916
Olivenza-06095;18073;20916
Talarrubias-06127;17999;20916
Fuente del Maestre-06054;17952;20916
Villar de Rena-06156;17930;20916
Feria-06049;17806;20916
Granja de Torrehermosa-06059;17500;20916
Mirandilla-06084;17432;20916
Guareña-06060;17403;20916
Campanario-06028;17361;20916
Herrera del Duque-06063;17240;20916
Burguillos del Cerro-06022;17200;20916
Arroyo de San Serván-06012;17124;20916
Esparragalejo-06046;17096;20916
San Vicente de Alcántara-06123;17044;20916
Navalvillar de Pela-06091;17034;20916
Barcarrota-06016;17011;20916
Quintana de la Serena-06109;16947;20916
Cabeza del Buey-06023;16827;20916
Santa Marta-06121;16783;20916
Valdelacalzada-06901;16735;20916
Santa Amalia-06120;16735;20916
Bienvenida-06020;16724;20916
Pueblonuevo del Guadiana-06902;16712;20916
Albuera, La-06005;16703;20916
Calamonte-06025;16655;20916
Alburquerque-06006;16655;20916
Villalba de los Barros-06152;16571;20916
Medellín-06080;16549;20916
Usagre-06136;16541;20916
Alange-06004;16491;20916
Valverde de Leganés-06143;16491;20916
Salvatierra de los Barros-06117;16435;20916
Lobón-06072;16392;20916
Garrovilla, La-06058;16391;20916
Puebla de Alcocer-06102;16367;20916
Aceuchal-06002;16333;20916
Montemolín-06086;16280;20916
Guadiana del Caudillo-06903;16248;20916
Oliva de la Frontera-06093;16226;20916
Salvaleón-06116;16159;20916
Torre de Miguel Sesmero-06131;16118;20916
Roca de la Sierra, La-06115;16116;20916
Valdecaballeros-06137;16075;20916
Zarza, La-06162;16022;20916
Almendral-06010;15916;20916
Segura de León-06124;15873;20916
Siruela-06125;15865;20916
Villagonzalo-06151;15863;20916
Hornachos-06069;15858;20916
Ribera del Fresno-06113;15806;20916
Solana de los Barros-06126;15794;20916
Villanueva del Fresno-06154;15776;20916
Zalamea de la Serena-06160;15772;20916
Villar del Rey-06155;15766;20916
Torremejía-06133;15754;20916
Corte de Peleas-06040;15657;20916
Berlanga-06019;15634;20916
Haba, La-06061;15574;20916
Bodonal de la Sierra-06021;15504;20916
Alconchel-06007;15455;20916
Casas de Don Pedro-06033;15367;20916
Valencia del Ventoso-06141;15344;20916
Monterrubio de la Serena-06087;15318;20916
Fuentes de León-06055;15169;20916
Coronada, La-06039;15024;20916
Valle de la Serena-06146;14870;20916
Valverde de Mérida-06145;14735;20916
Codosera, La-06037;14725;20916
Cheles-06042;14493;20916
Campillo de Llerena-06029;14476;20916
Cabeza la Vaca-06024;14444;20916
Valdetorres-06138;14439;20916
Parra, La-06099;13633;20916
Zahínos-06159;12962;20916
Higuera de Vargas-06066;12954;20916
Puebla de Obando-06107;12935;20916
Oliva de Mérida-06094;12864;20916
Fuenlabrada de los Montes-06051;12725;20916
Agrupación municipios pequeños-06;15113;20916
Cáceres-10037;26921;20942
Navalmoral de la Mata-10131;25990;20942
Almaraz-10019;25252;20942
Plasencia-10148;23858;20942
Malpartida de Cáceres-10115;22132;20942
Sierra de Fuentes-10177;20770;20942
Coria-10067;20226;20942
Trujillo-10195;20219;20942
Malpartida de Plasencia-10116;19628;20942
Jarandilla de la Vera-10105;19615;20942
Miajadas-10121;19279;20942
Casar de Cáceres-10049;19009;20942
Hervás-10096;18989;20942
Casatejada-10058;18976;20942
Alcántara-10008;18565;20942
Villanueva de la Vera-10212;18530;20942
Jaraíz de la Vera-10104;18459;20942
Peraleda de la Mata-10140;18226;20942
Valencia de Alcántara-10203;18150;20942
Nuñomoral-10135;18051;20942
Torreorgaz-10193;18021;20942
Moraleja-10128;17937;20942
Arroyo de la Luz-10021;17580;20942
Montánchez-10126;17515;20942
Torrejoncillo-10189;17341;20942
Logrosán-10109;17197;20942
Majadas-10114;17151;20942
Montehermoso-10127;17090;20942
Brozas-10032;16998;20942
Cañaveral-10045;16893;20942
Torrecillas de la Tiesa-10186;16799;20942
Valdefuentes-10198;16701;20942
Losar de la Vera-10110;16564;20942
Carcaboso-10047;16505;20942
Rosalejo-10901;16473;20942
Zorita-10219;16446;20942
Madrigal de la Vera-10111;16428;20942
Guadalupe-10087;16353;20942
Madroñera-10113;16280;20942
Aldeanueva de la Vera-10014;16218;20942
Navas del Madroño-10133;16215;20942
Caminomorisco-10041;16105;20942
Zarza de Granadilla-10216;15871;20942
Madrigalejo-10112;15697;20942
Alcuéscar-10010;15686;20942
Talayuela-10180;15615;20942
Garrovillas de Alconétar-10082;15488;20942
Serradilla-10175;15419;20942
Pinofranqueado-10146;15401;20942
Cañamero-10044;15305;20942
Cabezuela del Valle-10035;15301;20942
Aliseda-10018;15267;20942
Piornal-10147;15092;20942
Valverde del Fresno-10205;15054;20942
Almoharín-10020;14926;20942
Castañar de Ibor-10060;14769;20942
Zarza la Mayor-10218;14699;20942
Casar de Palomero-10050;14680;20942
Cilleros-10064;14545;20942
Guijo de Galisteo-10089;14467;20942
Pesga, La-10144;14451;20942
Riolobos-10155;14355;20942
Jerte-10107;14354;20942
Navaconcejo-10130;14341;20942
Ceclavín-10061;14277;20942
Tornavacas-10183;14086;20942
Gata-10084;13861;20942
Ahigal-10006;13310;20942
Agrupación municipios pequeños-10;15773;20942
Oleiros-15058;43866;27160
Cambre-15017;40774;27160
Coruña, A-15030;32021;27160
Santiago de Compostela-15078;29993;27160
Bergondo-15008;29807;27160
Pontes de García Rodríguez, As-15070;28953;27160
Teo-15082;28410;27160
Sada-15075;27569;27160
Cabanas-15015;27362;27160
Ferrol-15036;27253;27160
Culleredo-15031;27213;27160
Ames-15002;26866;27160
Miño-15048;26696;27160
Brión-15013;26177;27160
Ares-15004;26103;27160
Ribeira-15073;25486;27160
Pontedeume-15069;25472;27160
Fene-15035;25356;27160
Betanzos-15009;24974;27160
Mugardos-15051;24583;27160
Narón-15054;24579;27160
Valdoviño-15087;24550;27160
Neda-15055;24398;27160
Coirós-15027;24218;27160
Arteixo-15005;23486;27160
Abegondo-15001;23370;27160
Somozas, As-15081;23044;27160
Corcubión-15028;22947;27160
Carral-15021;22913;27160
Vilarmaior-15091;22842;27160
Capela, A-15018;22681;27160
Oroso-15060;22585;27160
Vedra-15089;22533;27160
Cee-15023;22403;27160
Pobra do Caramiñal, A-15067;22257;27160
Paderne-15064;22100;27160
Boqueixón-15012;21895;27160
Laracha, A-15041;21833;27160
Carballo-15019;21824;27160
Cerceda-15024;21782;27160
Noia-15057;21772;27160
Porto do Son-15071;21703;27160
Padrón-15065;21686;27160
Melide-15046;21398;27160
Cedeira-15022;21202;27160
San Sadurniño-15076;21186;27160
Irixoa-15039;21057;27160
Boiro-15011;20997;27160
Ordes-15059;20970;27160
Muros-15053;20889;27160
Oza-Cesuras-15902;20878;27160
Pino, O-15066;20286;27160
Curtis-15032;20146;27160
Val do Dubra-15088;19872;27160
Dodro-15033;19722;27160
Arzúa-15006;19697;27160
Ponteceso-15068;19691;27160
Rianxo-15072;19623;27160
Rois-15074;19557;27160
Carnota-15020;19494;27160
Cariño-15901;19374;27160
Negreira-15056;19346;27160
Ortigueira-15061;19247;27160
Outes-15062;19207;27160
Dumbría-15034;19065;27160
Laxe-15040;19013;27160
Trazo-15086;18954;27160
Fisterra-15037;18854;27160
Frades-15038;18687;27160
Vimianzo-15092;18666;27160
Santa Comba-15077;18591;27160
Coristanco-15029;18582;27160
Moeche-15049;18554;27160
Mañón-15044;18498;27160
Cabana de Bergantiños-15014;18357;27160
Lousame-15042;18301;27160
Mesía-15047;18267;27160
Touro-15085;18248;27160
Malpica de Bergantiños-15043;18139;27160
Vilasantar-15090;18122;27160
Cerdido-15025;18109;27160
Tordoia-15084;18022;27160
Baña, A-15007;17939;27160
Zas-15093;17853;27160
Camariñas-15016;17836;27160
Mazaricos-15045;17699;27160
Aranga-15003;17575;27160
Muxía-15052;17401;27160
Monfero-15050;17279;27160
Boimorto-15010;16777;27160
Sobrado-15080;16642;27160
Santiso-15079;16218;27160
Toques-15083;14181;27160
Cervo-27013;28562;22281
Lugo-27028;26038;22281
Burela-27902;25065;22281
Viveiro-27066;24329;22281
Foz-27019;24328;22281
Ribadeo-27051;23566;22281
Outeiro de Rei-27039;23133;22281
Xove-27025;22681;22281
Monforte de Lemos-27031;22286;22281
Vicedo, O-27064;21162;22281
Rábade-27056;20999;22281
Xermade-27021;20567;22281
Sarria-27057;20287;22281
Barreiros-27005;20265;22281
Vilalba-27065;20129;22281
Portomarín-27049;20087;22281
Valadouro, O-27063;19896;22281
Quiroga-27050;19677;22281
Chantada-27016;19457;22281
Begonte-27007;19414;22281
Pontenova, A-27048;19386;22281
Corgo, O-27014;19356;22281
Meira-27029;19063;22281
Bóveda-27008;18809;22281
Monterroso-27032;18790;22281
Mondoñedo-27030;18520;22281
Guitiriz-27022;18281;22281
Palas de Rei-27040;18277;22281
Castro de Rei-27010;18270;22281
Trabada-27061;18251;22281
Incio, O-27024;18038;22281
Lourenzá-27027;17899;22281
Pantón-27041;17845;22281
Cospeito-27015;17754;22281
Alfoz-27002;17674;22281
Castroverde-27011;17629;22281
Pobra do Brollón, A-27047;17512;22281
Becerreá-27006;17316;22281
Sober-27059;17311;22281
Taboada-27060;17250;22281
Antas de Ulla-27003;17213;22281
Saviñao, O-27058;17178;22281
Pol-27046;17065;22281
Riotorto-27054;16930;22281
Folgoso do Courel-27017;16895;22281
Fonsagrada, A-27018;16667;22281
Friol-27020;16653;22281
Pastoriza, A-27044;16614;22281
Guntín-27023;16598;22281
Navia de Suarna-27034;16442;22281
Cervantes-27012;16368;22281
Baleira-27004;16244;22281
Baralla-27901;16156;22281
Carballedo-27009;16115;22281
Láncara-27026;15888;22281
Abadín-27001;15835;22281
Paradela-27042;15480;22281
Páramo, O-27043;15267;22281
Nogais, As-27037;15093;22281
Samos-27055;14969;22281
Agrupación municipios pequeños-27;16344;22281
 Ourense;22496;22496
Pereiro de Aguiar, O-32058;31331;22496
Ourense-32054;25963;22496
San Cibrao das Viñas-32075;25211;22496
Barco de Valdeorras, O-32009;23224;22496
Allariz-32001;22594;22496
Toén-32081;22024;22496
Barbadás-32008;21889;22496
Carballeda de Valdeorras-32017;21541;22496
Coles-32026;21334;22496
Rúa, A-32072;21158;22496
Amoeiro-32002;20786;22496
Verín-32085;20512;22496
Pobra de Trives, A-32063;20374;22496
Cenlle-32025;20371;22496
Vilamarín-32087;20210;22496
Xinzo de Limia-32032;20203;22496
Esgos-32031;20141;22496
Carballiño, O-32019;20100;22496
Rubiá-32073;19836;22496
Ribadavia-32069;19741;22496
Maceda-32043;19635;22496
Xunqueira de Ambía-32036;19619;22496
Nogueira de Ramuín-32052;19428;22496
Celanova-32024;19222;22496
Taboadela-32079;19189;22496
Paderne de Allariz-32055;18811;22496
Castro Caldelas-32023;18808;22496
Vilamartín de Valdeorras-32088;18760;22496
Sandiás-32077;18633;22496
Merca, A-32047;18587;22496
Lobios-32042;18342;22496
Oímbra-32053;18251;22496
Muíños-32051;18132;22496
Leiro-32040;18114;22496
Sarreaus-32078;18091;22496
Castrelo de Miño-32022;17933;22496
Maside-32045;17808;22496
Rairiz de Veiga-32067;17715;22496
Baños de Molgas-32007;17625;22496
Gudiña, A-32034;17598;22496
San Amaro-32074;17583;22496
Vilar de Barrio-32089;17491;22496
Cartelle-32020;17478;22496
Viana do Bolo-32086;17345;22496
San Cristovo de Cea-32076;17200;22496
Bande-32006;17121;22496
Peroxa, A-32059;17086;22496
Irixo, O-32035;17020;22496
Ramirás-32068;16972;22496
Monterrei-32050;16828;22496
Melón-32046;16775;22496
Cortegada-32027;16738;22496
Laza-32039;16623;22496
Carballeda de Avia-32018;16435;22496
Bola, A-32014;16318;22496
Boborás-32013;16316;22496
Mezquita, A-32048;16292;22496
Padrenda-32056;16221;22496
Entrimo-32030;16071;22496
Piñor-32061;16055;22496
Cualedro-32028;15922;22496
Avión-32004;15850;22496
Trasmiras-32082;15522;22496
Riós-32071;14925;22496
Vilardevós-32091;14877;22496
Agrupación municipios pequeños-32;16806;22496
 Pontevedra;25026;
Nigrán-36035;34742;25026
Vigo-36057;28752;25026
Baiona-36003;28736;25026
Pontevedra-36038;27970;25026
Poio-36041;26440;25026
Gondomar-36021;25604;25026
Cangas-36008;24870;25026
Bueu-36004;24283;25026
Marín-36026;24275;25026
Salceda de Caselas-36049;23171;25026
Tui-36055;22959;25026
Moaña-36029;22876;25026
Redondela-36045;22845;25026
Mos-36033;22730;25026
Vilagarcía de Arousa-36060;22613;25026
Vilaboa-36058;22559;25026
Porriño, O-36039;22514;25026
Sanxenxo-36051;22236;25026
Pontecesures-36044;22157;25026
Tomiño-36054;22095;25026
Oia-36036;22044;25026
Guarda, A-36023;21665;25026
Salvaterra de Miño-36050;21199;25026
Soutomaior-36053;21193;25026
Barro-36002;21165;25026
Caldas de Reis-36005;21162;25026
Ponteareas-36042;21112;25026
Cerdedo-Cotobade-36902;21056;25026
Lalín-36024;20602;25026
Moraña-36032;20556;25026
Crecente-36014;20424;25026
Estrada, A-36017;20366;25026
Ponte Caldelas-36043;20157;25026
Portas-36040;20154;25026
Rosal, O-36048;20054;25026
Catoira-36010;19997;25026
Valga-36056;19934;25026
Forcarei-36018;19643;25026
Ribadumia-36046;19628;25026
Grove, O-36022;19550;25026
Silleda-36052;19455;25026
Meis-36028;19364;25026
Mondariz-36030;19354;25026
Pazos de Borbén-36037;19327;25026
Cambados-36006;19275;25026
Cuntis-36015;19198;25026
Neves, As-36034;19015;25026
Fornelos de Montes-36019;19010;25026
Campo Lameiro-36007;18999;25026
Covelo-36013;18866;25026
Vilanova de Arousa-36061;18603;25026
Cañiza, A-36009;18084;25026
Arbo-36001;18060;25026
Vila de Cruces-36059;17750;25026
Meaño-36027;17715;25026
Lama, A-36025;17271;25026
Agolada-36020;16819;25026
Illa de Arousa, A-36901;16743;25026
Rodeiro-36047;16063;25026
Dozón-36016;15581;25026
Agrupación municipios pequeños-36;24610;25026
Pozuelo de Alarcón-28115;82188;37768
Alcobendas-28006;64063;37768
Boadilla del Monte-28022;62965;37768
Torrelodones-28152;56002;37768
Majadahonda-28080;55651;37768
Rozas de Madrid, Las-28127;52066;37768
Villanueva de la Cañada-28176;51452;37768
Villaviciosa de Odón-28181;51005;37768
Venturada-28169;44262;37768
Cobeña-28041;43801;37768
San Agustín del Guadalix-28129;43656;37768
Tres Cantos-28903;43349;37768
Paracuellos de Jarama-28104;42879;37768
Hoyo de Manzanares-28072;41259;37768
Madrid-28079;41176;37768
Algete-28009;41132;37768
Villanueva del Pardillo-28177;40933;37768
Soto del Real-28144;39151;37768
Valdeolmos-Alalpardo-28162;38748;37768
San Sebastián de los Reyes-28134;37315;37768
San Lorenzo de El Escorial-28131;36357;37768
Collado Mediano-28046;36337;37768
Moralzarzal-28090;35854;37768
Navacerrada-28093;35477;37768
Valdemorillo-28160;35386;37768
Galapagar-28061;35348;37768
Alpedrete-28010;35084;37768
Colmenar Viejo-28045;34991;37768
Villalbilla-28172;34929;37768
Rivas-Vaciamadrid-28123;34787;37768
Molinos, Los-28087;34603;37768
Arroyomolinos-28015;33932;37768
Daganzo de Arriba-28053;33791;37768
Boalo, El-28023;33701;37768
Escorial, El-28054;33565;37768
Becerril de la Sierra-28018;33528;37768
Manzanares el Real-28082;33035;37768
Colmenarejo-28044;32921;37768
Griñón-28066;32487;37768
Brunete-28026;32196;37768
Miraflores de la Sierra-28085;31697;37768
Batres-28017;31232;37768
Pedrezuela-28108;31052;37768
Villar del Olmo-28179;30637;37768
Guadarrama-28068;30351;37768
Nuevo Baztán-28100;30209;37768
Cercedilla-28038;30085;37768
Torrejón de la Calzada-28149;29750;37768
Sevilla la Nueva-28141;29573;37768
Cubas de la Sagra-28050;29500;37768
Getafe-28065;29499;37768
Ajalvir-28002;29327;37768
Valdemoro-28161;29274;37768
Guadalix de la Sierra-28067;29235;37768
Alcalá de Henares-28005;29086;37768
Torremocha de Jarama-28153;28913;37768
Collado Villalba-28047;28870;37768
Meco-28083;28842;37768
Serranillos del Valle-28140;28829;37768
Quijorna-28119;28817;37768
Alcorcón-28007;28671;37768
Pinto-28113;28659;37768
Camarma de Esteruelas-28032;28480;37768
Fuente el Saz de Jarama-28059;28432;37768
Valdetorres de Jarama-28164;28358;37768
Robledo de Chavela-28125;28355;37768
Fresno de Torote-28057;28315;37768
Aranjuez-28013;28189;37768
Bustarviejo-28028;27951;37768
Navalafuente-28094;27828;37768
Velilla de San Antonio-28167;27708;37768
Villamantilla-28175;27642;37768
Torrejón de Ardoz-28148;27620;37768
Navalcarnero-28096;27614;37768
Loeches-28075;27459;37768
Cabrera, La-28030;27379;37768
Coslada-28049;27165;37768
Chapinería-28051;27137;37768
Talamanca de Jarama-28145;26757;37768
Leganés-28074;26634;37768
Moraleja de Enmedio-28089;26580;37768
Casarrubuelos-28036;26484;37768
Santos de la Humosa, Los-28137;26404;37768
San Fernando de Henares-28130;26296;37768
Torrejón de Velasco-28150;25991;37768
Molar, El-28086;25885;37768
Torrelaguna-28151;25882;37768
Arganda del Rey-28014;25710;37768
Anchuelo-28012;25706;37768
Campo Real-28033;25649;37768
Zarzalejo-28183;25645;37768
Móstoles-28092;25495;37768
Buitrago del Lozoya-28027;25470;37768
Pozuelo del Rey-28116;25470;37768
Rascafría-28120;25460;37768
Navalagamella-28095;25300;37768
Colmenar del Arroyo-28042;25274;37768
Torres de la Alameda-28154;25159;37768
Villanueva de Perales-28178;25084;37768
Villamanta-28174;25070;37768
Vellón, El-28168;24710;37768
Mejorada del Campo-28084;24530;37768
San Martín de la Vega-28132;24460;37768
Ciempozuelos-28040;24368;37768
Titulcia-28147;24260;37768
Lozoyuela-Navas-Sieteiglesias-28901;24005;37768
Alamo, El-28004;23995;37768
Fuenlabrada-28058;23905;37768
San Martín de Valdeiglesias-28133;23895;37768
Fresnedillas de la Oliva-28056;23867;37768
Valdeavero-28156;23855;37768
Valdilecha-28165;23824;37768
Aldea del Fresno-28008;23733;37768
Pelayos de la Presa-28109;23585;37768
Humanes de Madrid-28073;23549;37768
Parla-28106;23228;37768
Carabaña-28035;23219;37768
Villa del Prado-28171;23145;37768
Chinchón-28052;23018;37768
Morata de Tajuña-28091;23010;37768
Navas del Rey-28099;22999;37768
Villarejo de Salvanés-28180;22774;37768
Orusco de Tajuña-28102;22628;37768
Santa María de la Alameda-28135;22617;37768
Colmenar de Oreja-28043;22077;37768
Perales de Tajuña-28110;21955;37768
Fuentidueña de Tajo-28060;21775;37768
Tielmes-28146;21434;37768
Belmonte de Tajo-28019;21432;37768
Cadalso de los Vidrios-28031;20939;37768
Estremera-28055;20641;37768
Villaconejos-28170;20044;37768
Cenicientos-28037;18853;37768
Agrupación municipios pequeños-28;25179;37768
Abarán-30002;29432;24380
Molina de Segura-30027;28703;24380
Murcia-30030;28238;24380
Cartagena-30016;26593;24380
San Javier-30035;24649;24380
Torres de Cotillas, Las-30038;23600;24380
Alcantarilla-30005;23038;24380
Alhama de Murcia-30008;22669;24380
Unión, La-30041;21955;24380
Yecla-30043;21896;24380
Ceutí-30018;21619;24380
Caravaca de la Cruz-30015;21417;24380
Santomera-30901;21410;24380
San Pedro del Pinatar-30036;21377;24380
Lorquí-30025;21332;24380
Lorca-30024;21266;24380
Alcázares, Los-30902;21099;24380
Aguilas-30003;20848;24380
Archena-30009;20646;24380
Villanueva del Río Segura-30042;20597;24380
Librilla-30023;20540;24380
Alguazas-30007;20471;24380
Torre-Pacheco-30037;20117;24380
Pliego-30032;20069;24380
Jumilla-30022;19955;24380
Cieza-30019;19945;24380
Fuente Alamo de Murcia-30021;19930;24380
Mula-30029;19870;24380
Aledo-30006;19689;24380
Abanilla-30001;19464;24380
Totana-30039;19405;24380
Puerto Lumbreras-30033;19037;24380
Bullas-30012;18997;24380
Cehegín-30017;18919;24380
Blanca-30011;18670;24380
Calasparra-30013;18278;24380
Beniel-30010;18204;24380
Mazarrón-30026;18033;24380
Campos del Río-30014;17952;24380
Fortuna-30020;17656;24380
Ricote-30034;17550;24380
Moratalla-30028;17126;24380
Albudeite-30004;16752;24380
Agrupación municipios pequeños-30;19692;24380
Lardero-26084;31428;26735
Logroño-26089;29275;26735
Alfaro-26011;26085;26735
Villamediana de Iregua-26168;25877;26735
Arnedo-26018;25857;26735
Calahorra-26036;25002;26735
Ezcaray-26061;24910;26735
Albelda de Iregua-26005;24868;26735
Navarrete-26105;24759;26735
Haro-26071;24527;26735
Fuenmayor-26064;24447;26735
Entrena-26059;24032;26735
Nalda-26103;23672;26735
Murillo de Río Leza-26099;23532;26735
Cenicero-26046;23445;26735
Nájera-26102;23349;26735
Alberite-26006;23158;26735
Santo Domingo de la Calzada-26138;23129;26735
Rincón de Soto-26125;22915;26735
Agoncillo-26002;22810;26735
Baños de Río Tobía-26026;21948;26735
Casalarreina-26042;21930;26735
Aldeanueva de Ebro-26008;21779;26735
Autol-26021;21145;26735
Cervera del Río Alhama-26047;20498;26735
San Asensio-26129;19948;26735
Pradejón-26117;19928;26735
Quel-26120;19923;26735
Agrupación municipios pequeños-26;21118;26735
Ceuta-51001;31504;31504
Melilla-52001;30175;30175